USE EVENTO;

-- Novo Simpósio
INSERT INTO SIMPOSIO (NOME, DATA_INICIO, DATA_FIM, LOCALIZACAO, DESCRICAO) VALUES 
('Simpósio Internacional de Inovação e Tecnologia', '2024-04-08', '2024-04-12', 'Centro de Convenções Internacional', 'Evento global sobre as últimas tendências em inovação tecnológica e científica.'),
('Simpósio Internacional de Inovação e Tecnologia', '2025-04-07', '2025-04-11', 'Centro de Convenções Internacional', 'Evento global sobre as últimas tendências em inovação tecnológica e científica.');

-- Novas Pessoas (100 pessoas)
INSERT INTO PESSOA (CPF, NOME, EMAIL, TELEFONE, DATA_NASCIMENTO) VALUES
('11122233344', 'Alexandre Mendes', 'alexandre@email.com', '11987654321', '1980-03-15'),
('22233344455', 'Bianca Rocha', 'bianca@email.com', '21987654322', '1985-07-22'),
('33344455566', 'Carlos Eduardo', 'carlos.e@email.com', '31987654323', '1990-11-30'),
('44455566677', 'Daniela Lima', 'daniela@email.com', '41987654324', '1982-05-18'),
('55566677788', 'Eduardo Santos', 'eduardo@email.com', '51987654325', '1978-09-12'),
('66677788899', 'Fernanda Oliveira', 'fernanda.o@email.com', '61987654326', '1987-02-28'),
('77788899900', 'Gabriel Souza', 'gabriel@email.com', '71987654327', '1992-08-05'),
('88899900011', 'Helena Costa', 'helena@email.com', '81987654328', '1984-12-10'),
('99900011122', 'Igor Martins', 'igor@email.com', '91987654329', '1995-04-25'),
('00011122233', 'Juliana Pereira', 'juliana.p@email.com', '21987654330', '1989-06-15'),
('12312312312', 'Kátia Almeida', 'katia@email.com', '31987654331', '1983-01-20'),
('23423423423', 'Leonardo Silva', 'leonardo@email.com', '41987654332', '1991-07-08'),
('34534534534', 'Mariana Cardoso', 'mariana@email.com', '51987654333', '1986-10-30'),
('45645645645', 'Nicolas Ferreira', 'nicolas@email.com', '61987654334', '1993-03-12'),
('56756756756', 'Otávio Ribeiro', 'otavio@email.com', '71987654335', '1979-09-22'),
('67867867867', 'Patrícia Gomes', 'patricia@email.com', '81987654336', '1988-11-05'),
('78978978978', 'Rafael Nunes', 'rafael@email.com', '91987654337', '1994-05-18'),
('89089089089', 'Sandra Machado', 'sandra@email.com', '21987654338', '1981-08-14'),
('90190190190', 'Tiago Lopes', 'tiago@email.com', '31987654339', '1996-02-27'),
('01201201201', 'Vanessa Castro', 'vanessa@email.com', '41987654340', '1980-12-03'),
('12121212121', 'William Dias', 'william@email.com', '51987654341', '1985-04-16'),
('23232323232', 'Yasmin Teixeira', 'yasmin@email.com', '61987654342', '1990-10-29'),
('34343434343', 'Zélia Correia', 'zelia@email.com', '71987654343', '1983-06-11'),
('45454545454', 'André Luiz', 'andre.l@email.com', '81987654344', '1992-01-24'),
('56565656565', 'Beatriz Maria', 'beatriz.m@email.com', '91987654345', '1987-07-07'),
('67676767676', 'César Augusto', 'cesar@email.com', '21987654346', '1977-11-19'),
('78787878787', 'Débora Santos', 'debora@email.com', '31987654347', '1994-08-02'),
('89898989898', 'Emanuel Costa', 'emanuel@email.com', '41987654348', '1989-03-15'),
('90909090909', 'Fabiana Lima', 'fabiana@email.com', '51987654349', '1982-09-28'),
('01010101010', 'Gustavo Henrique', 'gustavo.h@email.com', '61987654350', '1997-05-10'),
('21212121212', 'Hélio Pereira', 'helio@email.com', '71987654351', '1984-12-23'),
('32323232323', 'Isabela Souza', 'isabela@email.com', '81987654352', '1991-02-04'),
('43434343434', 'José Carlos', 'jose.c@email.com', '91987654353', '1978-10-17'),
('54545454545', 'Karina Oliveira', 'karina@email.com', '21987654354', '1986-07-30'),
('65656565656', 'Luiz Felipe', 'luiz.f@email.com', '31987654355', '1993-01-12'),
('76767676767', 'Márcia Silva', 'marcia@email.com', '41987654356', '1980-08-25'),
('87878787878', 'Norberto Alves', 'norberto@email.com', '51987654357', '1995-04-07'),
('98989898989', 'Olívia Costa', 'olivia@email.com', '61987654358', '1987-11-20'),
('09090909090', 'Paulo Roberto', 'paulo.r@email.com', '71987654359', '1982-06-02'),
('10101010101', 'Queila Martins', 'queila@email.com', '81987654360', '1998-03-15'),
('31313131313', 'Ricardo Lopes', 'ricardo@email.com', '91987654361', '1983-09-28'),
('42424242424', 'Sueli Ferreira', 'sueli@email.com', '21987654362', '1990-05-11'),
('53535353535', 'Tadeu Nunes', 'tadeu@email.com', '31987654363', '1979-12-24'),
('64646464646', 'Úrsula Dias', 'ursula@email.com', '41987654364', '1985-07-07'),
('75757575757', 'Vagner Teixeira', 'vagner@email.com', '51987654365', '1992-02-19'),
('86868686868', 'Wanessa Cardoso', 'wanessa.c@email.com', '61987654366', '1988-10-02'),
('97979797979', 'Xavier Ribeiro', 'xavier@email.com', '71987654367', '1996-05-15'),
('08080808080', 'Yago Gomes', 'yago@email.com', '81987654368', '1981-01-28'),
('19191919191', 'Zuleica Machado', 'zuleica@email.com', '91987654369', '1994-08-10'),
('20202020202', 'Adriano Lopes', 'adriano@email.com', '21987654370', '1989-03-23'),
('30303030303', 'Bruna Castro', 'bruna.c@email.com', '31987654371', '1983-11-05'),
('40404040404', 'Cauê Dias', 'caue@email.com', '41987654372', '1997-06-18'),
('50505050505', 'Diana Teixeira', 'diana@email.com', '51987654373', '1980-01-31'),
('60606060606', 'Elton Correia', 'elton@email.com', '61987654374', '1993-09-13'),
('70707070707', 'Flávia Luiz', 'flavia@email.com', '71987654375', '1986-04-26'),
('80808080808', 'Gilberto Maria', 'gilberto@email.com', '81987654376', '1991-12-09'),
('91919191919', 'Hilda Augusto', 'hilda@email.com', '91987654377', '1977-07-22'),
('02020202020', 'Ivan Santos', 'ivan@email.com', '21987654378', '1995-02-04'),
('13131313131', 'Jéssica Costa', 'jessica@email.com', '31987654379', '1988-10-17'),
('24242424242', 'Kevin Lima', 'kevin@email.com', '41987654380', '1992-05-30'),
('35353535353', 'Larissa Henrique', 'larissa@email.com', '51987654381', '1984-01-12'),
('46464646464', 'Marcos Pereira', 'marcos.p@email.com', '61987654382', '1999-08-25'),
('57575757575', 'Nádia Souza', 'nadia@email.com', '71987654383', '1981-04-07'),
('68686868686', 'Osvaldo Carlos', 'osvaldo@email.com', '81987654384', '1996-11-20'),
('79797979797', 'Pâmela Oliveira', 'pamela@email.com', '91987654385', '1989-06-02'),
('80808080808', 'Quésia Silva', 'quesia@email.com', '21987654386', '1982-01-15'),
('91919191919', 'Rogério Alves', 'rogerio@email.com', '31987654387', '1994-09-28'),
('03030303030', 'Sara Costa', 'sara@email.com', '41987654388', '1987-04-11'),
('14141414141', 'Thiago Martins', 'thiago.m@email.com', '51987654389', '1990-12-24'),
('25252525252', 'Úrsula Lopes', 'ursula.l@email.com', '61987654390', '1983-07-07'),
('36363636363', 'Vitor Ferreira', 'vitor@email.com', '71987654391', '1998-02-19'),
('47474747474', 'Wagner Nunes', 'wagner.n@email.com', '81987654392', '1985-10-02'),
('58585858585', 'Ximena Dias', 'ximena@email.com', '91987654393', '1991-05-15'),
('69696969696', 'Yuri Teixeira', 'yuri@email.com', '21987654394', '1980-12-28'),
('70707070707', 'Zilda Cardoso', 'zilda@email.com', '31987654395', '1995-08-10'),
('81818181818', 'Abel Ribeiro', 'abel@email.com', '41987654396', '1988-03-23'),
('92929292929', 'Bárbara Gomes', 'barbara@email.com', '51987654397', '1993-11-05'),
('04040404040', 'César Machado', 'cesar.m@email.com', '61987654398', '1986-06-18'),
('15151515151', 'Débora Lopes', 'debora.l@email.com', '71987654399', '1999-01-31'),
('26262626262', 'Elias Castro', 'elias@email.com', '81987654400', '1982-09-13'),
('37373737373', 'Fabrício Dias', 'fabricio@email.com', '91987654401', '1997-04-26'),
('48484848484', 'Geovana Teixeira', 'geovana@email.com', '21987654402', '1989-12-09'),
('59595959595', 'Heitor Correia', 'heitor@email.com', '31987654403', '1992-07-22'),
('60606060606', 'Íris Luiz', 'iris@email.com', '41987654404', '1985-02-04'),
('71717171717', 'Joaquim Maria', 'joaquim@email.com', '51987654405', '1998-10-17'),
('82828282828', 'Kelly Augusto', 'kelly@email.com', '61987654406', '1981-05-30'),
('93939393939', 'Leandro Santos', 'leandro@email.com', '71987654407', '1994-01-12'),
('05050505050', 'Mirela Costa', 'mirela@email.com', '81987654408', '1987-08-25'),
('16161616161', 'Nelson Lima', 'nelson@email.com', '91987654409', '1990-04-07'),
('27272727272', 'Olga Henrique', 'olga@email.com', '21987654410', '1983-11-20'),
('38383838383', 'Paulo Pereira', 'paulo.p@email.com', '31987654411', '1996-06-02'),
('49494949494', 'Quintino Souza', 'quintino@email.com', '41987654412', '1989-01-15'),
('50505050505', 'Rita Carlos', 'rita@email.com', '51987654413', '1992-09-28'),
('61616161616', 'Sérgio Oliveira', 'sergio@email.com', '61987654414', '1985-04-11'),
('72727272727', 'Tatiana Silva', 'tatiana@email.com', '71987654415', '1998-12-24'),
('83838383838', 'Ubirajara Alves', 'ubirajara@email.com', '81987654416', '1981-07-07'),
('94949494949', 'Valéria Costa', 'valeria@email.com', '91987654417', '1994-02-19'),
('06060606060', 'Wesley Martins', 'wesley@email.com', '21987654418', '1987-10-02'),
('17171717171', 'Xuxa Lopes', 'xuxa@email.com', '31987654419', '1990-05-15'),
('28282828282', 'Yago Ferreira', 'yago.f@email.com', '41987654420', '1983-12-28'),
('39393939393', 'Zélia Nunes', 'zelia.n@email.com', '51987654421', '1997-08-10'),
('40404040404', 'Arthur Dias', 'arthur@email.com', '61987654422', '1989-03-23'),
('51515151515', 'Bianca Teixeira', 'bianca.t@email.com', '71987654423', '1992-11-05'),
('62626262626', 'Caio Cardoso', 'caio@email.com', '81987654424', '1985-06-18'),
('73737373737', 'Dandara Ribeiro', 'dandara@email.com', '91987654425', '1999-01-31'),
('84848484848', 'Elaine Gomes', 'elaine@email.com', '21987654426', '1982-09-13'),
('95959595959', 'Fábio Machado', 'fabio@email.com', '31987654427', '1995-04-26'),
('07070707070', 'Giovanna Lopes', 'giovanna@email.com', '41987654428', '1988-12-09'),
('18181818181', 'Hugo Castro', 'hugo@email.com', '51987654429', '1991-07-22'),
('29292929292', 'Isis Dias', 'isis@email.com', '61987654430', '1984-02-04'),
('30303030303', 'Júlio Teixeira', 'julio@email.com', '71987654431', '1997-10-17');

-- Novos Temas (30 temas)
INSERT INTO TEMA (NOME) VALUES
('Blockchain e Criptomoedas'),
('Realidade Virtual e Aumentada'),
('Internet das Coisas (IoT)'),
('Big Data e Analytics'),
('Computação em Nuvem'),
('Segurança da Informação'),
('Desenvolvimento Mobile'),
('Robótica e Automação'),
('Machine Learning Avançado'),
('Computação Quântica'),
('Transformação Digital'),
('Cidades Inteligentes'),
('Saúde Digital'),
('Fintechs e Inovação Financeira'),
('Marketing Digital'),
('Educação 4.0'),
('Indústria 4.0'),
('Energias Renováveis'),
('Mobilidade Urbana'),
('Agronegócio Tecnológico'),
('Design Thinking'),
('Gestão de Inovação'),
('Empreendedorismo Digital'),
('Ética em Tecnologia'),
('Governança de TI'),
('Arquitetura de Software'),
('DevOps e CI/CD'),
('Testes Automatizados'),
('UX/UI Design'),
('Redes 5G e 6G');

-- Novos Minicursos (60 minicursos)
INSERT INTO MINICURSO (NOME, CARGA_HORARIA, ID_TEMA) VALUES
('Introdução ao Blockchain', 20, 4),
('Desenvolvendo Smart Contracts', 16, 4),
('Realidade Virtual com Unity', 24, 5),
('Criando Experiências em AR', 16, 5),
('IoT para Iniciantes', 20, 6),
('Projetos Práticos com Arduino', 24, 6),
('Fundamentos de Big Data', 16, 7),
('Analytics com Python', 20, 7),
('Migração para a Nuvem', 16, 8),
('AWS Essentials', 24, 8),
('Segurança em Aplicações Web', 20, 9),
('Ethical Hacking Básico', 24, 9),
('Desenvolvimento Android', 20, 10),
('iOS com Swift', 20, 10),
('Robótica Educacional', 16, 11),
('Automação Industrial', 24, 11),
('Deep Learning Prático', 20, 12),
('Redes Neurais com TensorFlow', 24, 12),
('Introdução à Computação Quântica', 16, 13),
('Algoritmos Quânticos', 20, 13),
('Estratégias de Transformação Digital', 16, 14),
('Liderança na Era Digital', 20, 14),
('Planejamento de Cidades Inteligentes', 16, 15),
('Soluções IoT para Cidades', 20, 15),
('Telemedicina e Saúde Digital', 16, 16),
('Wearables e Monitoramento de Saúde', 20, 16),
('Inovação em Serviços Financeiros', 16, 17),
('Blockchain no Setor Financeiro', 20, 17),
('Marketing Digital Avançado', 16, 18),
('SEO e Growth Hacking', 20, 18),
('Tecnologias Educacionais', 16, 19),
('Gamificação na Educação', 20, 19),
('Manufatura Aditiva', 16, 20),
('Digital Twins', 20, 20),
('Energia Solar Fotovoltaica', 16, 21),
('Armazenamento de Energia', 20, 21),
('Mobilidade Elétrica', 16, 22),
('Sistemas de Transporte Inteligente', 20, 22),
('Agricultura de Precisão', 16, 23),
('Drones no Agronegócio', 20, 23),
('Workshop de Design Thinking', 16, 24),
('Prototipagem Rápida', 20, 24),
('Gestão de Portfólio de Inovação', 16, 25),
('Modelos de Negócio Digitais', 20, 25),
('Startups: Do Zero ao MVP', 16, 26),
('Captação de Recursos para Startups', 20, 26),
('Privacidade de Dados', 16, 27),
('Regulamentações em Tecnologia', 20, 27),
('ITIL e Governança de TI', 16, 28),
('COBIT e Gestão de Riscos', 20, 28),
('Microserviços e Arquitetura', 16, 29),
('Padrões de Projeto', 20, 29),
('Pipeline de CI/CD com GitLab', 16, 30),
('Automação de Deploy', 20, 30);

-- Novos Artigos (300 artigos - 10 por tema)
-- Artigo para Tema 4 (Blockchain e Criptomoedas)
INSERT INTO ARTIGO (NOME, DATA_PUBLICACAO, RESUMO, ID_TEMA) VALUES
('Blockchain na Gestão de Cadeias de Suprimentos', '2025-01-10', 'Análise do uso de blockchain para rastreabilidade em cadeias de suprimentos globais.', 4),
('Smart Contracts em Setores Regulados', '2025-02-15', 'Estudo sobre a aplicabilidade de contratos inteligentes em ambientes altamente regulados.', 4),
('Tokenização de Ativos Financeiros', '2025-03-20', 'Como a tokenização está transformando o mercado de ativos tradicionais.', 4),
('Desafios de Escalabilidade em Blockchains', '2025-04-25', 'Análise comparativa de soluções de escalabilidade para redes blockchain.', 4),
('Blockchain e Identidade Digital', '2025-05-30', 'Soluções descentralizadas para gestão de identidade digital.', 4),
('Criptomoedas Estáveis e Seu Impacto', '2025-06-05', 'O papel das stablecoins no ecossistema cripto e economia tradicional.', 4),
('Governança em DAOs', '2025-07-10', 'Modelos de governança em organizações autônomas descentralizadas.', 4),
('Blockchain na Saúde', '2025-08-15', 'Aplicações de blockchain para gestão de registros médicos.', 4),
('NFTs Além da Arte Digital', '2025-09-20', 'Casos de uso de NFTs em setores como imóveis e educação.', 4),
('Regulamentação de Criptoativos', '2025-10-25', 'Panorama global das regulamentações sobre criptomoedas.', 4),
-- Artigos para Tema 5 (Realidade Virtual e Aumentada)
('RV na Educação Médica', '2025-01-12', 'Uso de realidade virtual para treinamento cirúrgico e anatomia.', 5),
('AR no Varejo', '2025-02-17', 'Como a realidade aumentada está transformando a experiência do consumidor.', 5),
('Interfaces Cerebro-Computador em RV', '2025-03-22', 'Avancos em interfaces neurais para controle de ambientes virtuais.', 5),
('Terapias com Realidade Virtual', '2025-04-27', 'Aplicações de RV no tratamento de fobias e TEPT.', 5),
('Colaboração em Ambientes Virtuais', '2025-05-02', 'Ferramentas para trabalho colaborativo em espaços virtuais imersivos.', 5),
('Acessibilidade em Experiências VR', '2025-06-07', 'Desenvolvimento de soluções inclusivas para realidade virtual.', 5),
('AR para Manutenção Industrial', '2025-07-12', 'Óculos inteligentes guiando técnicos em procedimentos complexos.', 5),
('Simulações Empresariais em VR', '2025-08-17', 'Treinamento de liderança através de simulações imersivas.', 5),
('Museus Virtuais', '2025-09-22', 'Como a RV está democratizando o acesso a acervos culturais.', 5),
('Desafios Técnicos em Dispositivos AR', '2025-10-27', 'Limitações atuais e futuras direções para óculos de realidade aumentada.', 5),
-- Artigos para Tema 6 (Internet das Coisas)
('IoT na Agricultura de Precisão', '2025-01-14', 'Sensores e análise de dados para otimização agrícola.', 6),
('Segurança em Dispositivos IoT', '2025-02-19', 'Principais vulnerabilidades e estratégias de proteção.', 6),
('Cidades Inteligentes e IoT', '2025-03-24', 'Infraestrutura de sensores para gestão urbana eficiente.', 6),
('Monitoramento Ambiental com IoT', '2025-04-29', 'Redes de sensores para qualidade do ar e água.', 6),
('IoT Industrial', '2025-05-04', 'Aplicações de IIoT em manufatura e logística.', 6),
('Wearables e Saúde Pessoal', '2025-06-09', 'Dispositivos vestíveis para monitoramento contínuo de saúde.', 6),
('Protocolos de Comunicação IoT', '2025-07-14', 'Comparativo entre LoRaWAN, NB-IoT e outras tecnologias.', 6),
('Edge Computing em IoT', '2025-08-19', 'Processamento descentralizado para reduzir latência.', 6),
('IoT para Conservação de Energia', '2025-09-24', 'Sistemas inteligentes para eficiência energética em edifícios.', 6),
('Futuro do 5G e IoT', '2025-10-29', 'Como o 5G vai potencializar aplicações IoT massivas.', 6),
-- Artigos para Tema 7 (Big Data e Analytics)
('Análise Preditiva em Saúde', '2025-01-16', 'Previsão de epidemias e readmissões hospitalares.', 7),
('Ética em Big Data', '2025-02-21', 'Desafios de privacidade e viés algorítmico.', 7),
('Data Visualization Avançada', '2025-03-26', 'Técnicas para comunicação eficaz de insights complexos.', 7),
('Análise de Sentimento em Redes Sociais', '2025-04-01', 'Monitoramento de opinião pública e marca.', 7),
('Big Data no Esporte', '2025-05-06', 'Analítica para performance atlética e scouting.', 7),
('Processamento de Linguagem Natural', '2025-06-11', 'Avancos em análise de texto não estruturado.', 7),
('Data Lakes vs Data Warehouses', '2025-07-16', 'Comparativo de arquiteturas para gestão de dados.', 7),
('Anomaly Detection em Tempo Real', '2025-08-21', 'Identificação de padrões anômalos em fluxos de dados.', 7),
('Governança de Dados', '2025-09-26', 'Estruturas para qualidade e gestão de dados corporativos.', 7),
('Edge Analytics', '2025-10-01', 'Processamento analítico descentralizado em dispositivos IoT.', 7),
-- Artigos para Tema 8 (Computação em Nuvem)
('Multi-Cloud Strategies', '2025-01-18', 'Gerenciamento de workloads em múltiplos provedores.', 8),
('Serverless Architectures', '2025-02-23', 'Vantagens e desafios da computação sem servidor.', 8),
('Segurança em Ambientes Cloud', '2025-03-28', 'Melhores práticas para proteção de dados na nuvem.', 8),
('Cloud Híbrida para Empresas', '2025-04-03', 'Modelos de integração entre nuvens públicas e privadas.', 8),
('FinOps e Otimização de Custos', '2025-05-08', 'Gestão financeira de recursos em nuvem.', 8),
('Contêineres e Kubernetes', '2025-06-13', 'Orquestração de aplicações em escala na nuvem.', 8),
('Cloud para HPC', '2025-07-18', 'Computação de alto desempenho em ambientes cloud.', 8),
('Migração de Legacy para Cloud', '2025-08-23', 'Estratégias para modernização de sistemas legados.', 8),
('Disaster Recovery as a Service', '2025-09-28', 'Soluções de recuperação de desastres na nuvem.', 8),
('Edge Computing e Cloud', '2025-10-03', 'Integração entre processamento na borda e data centers cloud.', 8),
-- Artigos para Tema 9 (Segurança da Informação)
('Ameaças Cibernéticas Emergentes', '2025-01-20', 'Panorama das novas técnicas de ataque e defesa.', 9),
('Zero Trust Architecture', '2025-02-25', 'Modelo de segurança baseado em verificação contínua.', 9),
('Proteção de Dados Pessoais', '2025-03-02', 'Conformidade com LGPD e outras regulamentações.', 9),
('Segurança em APIs', '2025-04-07', 'Melhores práticas para proteger interfaces de programação.', 9),
('Inteligência Artificial em Cybersecurity', '2025-05-12', 'Uso de ML para detecção de ameaças.', 9),
('Ransomware e Estratégias de Resposta', '2025-06-17', 'Prevenção e recuperação após ataques de sequestro de dados.', 9),
('Segurança em Dispositivos Móveis', '2025-07-22', 'Proteção de smartphones corporativos.', 9),
('Red Team vs Blue Team', '2025-08-27', 'Simulações de ataque para fortalecer defesas.', 9),
('Identity and Access Management', '2025-09-02', 'Soluções avançadas para gestão de identidades.', 9),
('Security by Design', '2025-10-07', 'Incorporando segurança desde o início do ciclo de desenvolvimento.', 9),
-- Artigos para Tema 10 (Desenvolvimento Mobile)
('Cross-Platform Development', '2025-01-22', 'Comparativo entre Flutter, React Native e outras soluções.', 10),
('Mobile Payments Security', '2025-02-27', 'Proteção de transações financeiras em apps móveis.', 10),
('5G e Novas Possibilidades Mobile', '2025-03-04', 'Como o 5G vai transformar aplicações móveis.', 10),
('Acessibilidade em Apps', '2025-04-09', 'Desenvolvimento inclusivo para usuários com deficiência.', 10),
('Machine Learning no Dispositivo', '2025-05-14', 'Execução de modelos ML diretamente em smartphones.', 10),
('Progressive Web Apps', '2025-06-19', 'Vantagens e limitações das PWAs.', 10),
('Mobile Gaming Trends', '2025-07-24', 'Tendências em gráficos, monetização e engajamento.', 10),
('AR em Aplicativos Móveis', '2025-08-29', 'Integração de realidade aumentada em apps comerciais.', 10),
('Privacidade em Aplicativos', '2025-09-04', 'Proteção de dados do usuário em conformidade com regulamentações.', 10),
('CI/CD para Desenvolvimento Mobile', '2025-10-09', 'Automação de pipelines para entrega contínua de apps.', 10),
-- Artigos para Tema 11 (Robótica e Automação)
('Robótica Colaborativa', '2025-01-24', 'Cobots trabalhando junto com humanos em ambientes industriais.', 11),
('Automação de Processos Robóticos', '2025-03-01', 'RPA para otimização de processos empresariais.', 11),
('Robótica na Logística', '2025-04-06', 'Sistemas autônomos em armazéns e centros de distribuição.', 11),
('Robôs de Serviço', '2025-05-11', 'Aplicações em hospitalidade, saúde e varejo.', 11),
('Visão Computacional em Robótica', '2025-06-16', 'Técnicas avançadas de percepção para robôs.', 11),
('Ética na Automação', '2025-07-21', 'Impacto social da substituição de postos de trabalho.', 11),
('Robótica Educacional', '2025-08-26', 'Ensino de programação e STEM através de robótica.', 11),
('Drones Autônomos', '2025-09-01', 'Aplicações em entrega, agricultura e inspeção.', 11),
('Robótica Médica', '2025-10-06', 'Avancos em cirurgia robótica e reabilitação.', 11),
('Inteligência Artificial em Robótica', '2025-11-11', 'Integração de técnicas de AI para tomada de decisão autônoma.', 11),
-- Artigos para Tema 12 (Machine Learning Avançado)
('Explainable AI', '2025-01-26', 'Técnicas para interpretabilidade de modelos complexos.', 12),
('Transfer Learning', '2025-03-03', 'Aplicação de conhecimento entre domínios diferentes.', 12),
('Generative Adversarial Networks', '2025-04-08', 'Geração de conteúdo sintético com GANs.', 12),
('Reinforcement Learning', '2025-05-13', 'Aprendizado por reforço em ambientes complexos.', 12),
('Federated Learning', '2025-06-18', 'Treinamento distribuído preservando privacidade.', 12),
('ML para Séries Temporais', '2025-07-23', 'Previsão e análise de dados temporais.', 12),
('Bias em Algoritmos', '2025-08-28', 'Identificação e mitigação de vieses em modelos.', 12),
('AutoML e Democratização', '2025-09-03', 'Ferramentas para automatizar desenvolvimento de ML.', 12),
('ML em Dispositivos Edge', '2025-10-08', 'Otimização de modelos para hardware limitado.', 12),
('Quantum Machine Learning', '2025-11-13', 'Aplicações da computação quântica em ML.', 12),
-- Artigos para Tema 13 (Computação Quântica)
('Qubits e Arquiteturas', '2025-01-28', 'Comparativo entre diferentes implementações físicas.', 13),
('Algoritmos Quânticos', '2025-03-05', 'Shor, Grover e outras rotinas fundamentais.', 13),
('Criptografia Pós-Quântica', '2025-04-10', 'Preparando-se para a era dos computadores quânticos.', 13),
('Simulação Quântica', '2025-05-15', 'Aplicações em química e ciência de materiais.', 13),
('Quantum Supremacy', '2025-06-20', 'O que realmente significa e como foi alcançada.', 13),
('Error Correction', '2025-07-25', 'Técnicas para lidar com ruído em computadores quânticos.', 13),
('Aplicações Financeiras', '2025-08-30', 'Otimização de carteiras e análise de risco.', 13),
('Quantum Networking', '2025-09-05', 'Comunicação quântica e distribuição de chaves.', 13),
('Cloud Quantum Computing', '2025-10-10', 'Acesso remoto a processadores quânticos.', 13),
('Ética na Computação Quântica', '2025-11-15', 'Implicações sociais e geopolíticas da tecnologia.', 13),
-- Artigos para Tema 14 (Transformação Digital)
('Liderança na Transformação', '2025-01-30', 'Papel dos executivos na condução de mudanças.', 14),
('Cultura Digital', '2025-03-07', 'Mudança de mentalidade em organizações tradicionais.', 14),
('Agilidade em Grandes Empresas', '2025-04-12', 'Escalando práticas ágeis em corporações.', 14),
('Digital Workplace', '2025-05-17', 'Ferramentas para colaboração remota eficiente.', 14),
('Customer Experience Digital', '2025-06-22', 'Redesenho de jornadas do cliente.', 14),
('Data-Driven Organizations', '2025-07-27', 'Como se tornar uma empresa orientada por dados.', 14),
('Estratégias de Omnichannel', '2025-08-02', 'Integração perfeita entre canais digitais e físicos.', 14),
('Automação Inteligente', '2025-09-07', 'Combinação de RPA e AI para eficiência operacional.', 14),
('Reskilling da Força de Trabalho', '2025-10-12', 'Preparando colaboradores para a economia digital.', 14),
('Métricas de Transformação', '2025-11-17', 'Como medir o sucesso de iniciativas digitais.', 14),
-- Artigos para Tema 15 (Cidades Inteligentes)
('Infraestrutura para Smart Cities', '2025-02-01', 'Componentes tecnológicos de uma cidade inteligente.', 15),
('Mobilidade Urbana Inteligente', '2025-03-09', 'Soluções para transporte eficiente e sustentável.', 15),
('Governança de Dados Urbanos', '2025-04-14', 'Gestão e privacidade de dados em cidades.', 15),
('Iluminação Pública Inteligente', '2025-05-19', 'Sistemas adaptativos para economia de energia.', 15),
('Participação Cidadã Digital', '2025-06-24', 'Plataformas para engajamento comunitário.', 15),
('Resiliência Urbana', '2025-07-29', 'Tecnologias para cidades mais resistentes a crises.', 15),
('Gestão de Resíduos Inteligente', '2025-08-04', 'Sensores e roteamento para coleta eficiente.', 15),
('Edifícios Inteligentes', '2025-09-09', 'Automação predial e eficiência energética.', 15),
('Segurança Pública Tecnológica', '2025-10-14', 'Monitoramento e análise para redução de criminalidade.', 15),
('Modelos de Financiamento', '2025-11-19', 'Parcerias público-privadas para cidades inteligentes.', 15),
-- Artigos para Tema 16 (Saúde Digital)
('Telemedicina Pós-Pandemia', '2025-02-03', 'O futuro dos atendimentos remotos.', 16),
('Prontuário Eletrônico Universal', '2025-03-11', 'Interoperabilidade entre sistemas de saúde.', 16),
('AI em Diagnóstico Médico', '2025-04-16', 'Apoio à decisão clínica através de algoritmos.', 16),
('Wearables para Monitoramento', '2025-05-21', 'Dispositivos vestíveis na prevenção de doenças.', 16),
('Realidade Virtual em Reabilitação', '2025-06-26', 'Terapias imersivas para recuperação motora.', 16),
('Genômica e Big Data', '2025-07-31', 'Medicina personalizada baseada em dados genéticos.', 16),
('Robótica em Cirurgia', '2025-08-06', 'Precisão e miniaturização em procedimentos.', 16),
('Blockchain na Saúde', '2025-09-11', 'Gestão segura de registros médicos.', 16),
('IoT em Hospitais', '2025-10-16', 'Monitoramento de pacientes e ativos hospitalares.', 16),
('Ética em Saúde Digital', '2025-11-21', 'Privacidade e consentimento no uso de dados.', 16),
-- Artigos para Tema 17 (Fintechs e Inovação Financeira)
('Open Banking Global', '2025-02-05', 'Comparativo de implementações em diferentes países.', 17),
('Pagamentos Instantâneos', '2025-03-13', 'Infraestrutura e impactos na economia.', 17),
('Credibilidade para Fintechs', '2025-04-18', 'Desafios de confiança e adoção em massa.', 17),
('Neobancos vs Bancos Tradicionais', '2025-05-23', 'Vantagens competitivas de cada modelo.', 17),
('Empréstimos Peer-to-Peer', '2025-06-28', 'Modelos alternativos de crédito.', 17),
('Seguros Digitais', '2025-08-03', 'Personalização através de IoT e dados.', 17),
('RegTech', '2025-09-08', 'Automação de conformidade regulatória.', 17),
('Investimentos Democratizados', '2025-10-13', 'Plataformas para pequenos investidores.', 17),
('Criptomoedas Centrais de Bancos', '2025-11-18', 'Impacto das CBDCs no sistema financeiro.', 17),
('Fraude e Segurança Digital', '2025-12-23', 'Combate a crimes financeiros online.', 17),
-- Artigos para Tema 18 (Marketing Digital)
('Personalização em Escala', '2025-02-07', 'Técnicas de segmentação avançada.', 18),
('Conteúdo Gerado por IA', '2025-03-15', 'Ferramentas de criação automatizada.', 18),
('Marketing de Conversação', '2025-04-20', 'Chatbots e assistentes virtuais para engajamento.', 18),
('Influenciadores Virtuais', '2025-05-25', 'Avatares digitais como embaixadores de marca.', 18),
('Realidade Aumentada em Campanhas', '2025-06-30', 'Experiências imersivas para consumidores.', 18),
('Privacidade e Publicidade', '2025-08-05', 'Balanceamento entre personalização e privacidade.', 18),
('Social Commerce', '2025-09-10', 'Vendas diretas em plataformas sociais.', 18),
('Métricas de Engajamento', '2025-10-15', 'Novas formas de medir efetividade.', 18),
('Marketing em Metaversos', '2025-11-20', 'Oportunidades em mundos virtuais.', 18),
('Sustentabilidade como Diferencial', '2025-12-25', 'Comunicação de valores ESG.', 18),
-- Artigos para Tema 19 (Educação 4.0)
('Aprendizado Adaptativo', '2025-02-09', 'Plataformas que se ajustam ao ritmo do aluno.', 19),
('Gamificação na Educação', '2025-03-17', 'Mecânicas de jogos para engajamento.', 19),
('Realidade Virtual em Sala de Aula', '2025-04-22', 'Experiências imersivas para aprendizagem.', 19),
('Microlearning', '2025-05-27', 'Conteúdo em pequenas doses para retenção.', 19),
('Tutores de IA', '2025-07-02', 'Assistentes inteligentes para apoio educacional.', 19),
('Blockchain em Credenciais', '2025-08-07', 'Certificados digitais verificáveis.', 19),
('Educação Baseada em Dados', '2025-09-12', 'Analytics para personalização do ensino.', 19),
('STEM para Todos', '2025-10-17', 'Democratização do ensino de ciências e tecnologia.', 19),
('Colaboração Global Online', '2025-11-22', 'Projetos conjuntos entre estudantes de diferentes países.', 19),
('Futuro das Universidades', '2025-12-27', 'Modelos híbridos e disruptivos de ensino superior.', 19),
-- Artigos para Tema 20 (Indústria 4.0)
('Fábricas Inteligentes', '2025-02-11', 'Integração de IoT e AI em manufatura.', 20),
('Manutenção Preditiva', '2025-03-19', 'Redução de downtime através de analytics.', 20),
('Digital Twins Industriais', '2025-04-24', 'Modelos virtuais para simulação e otimização.', 20),
('Cobots na Produção', '2025-05-29', 'Robôs colaborativos em linhas de montagem.', 20),
('Cadeia de Suprimentos 4.0', '2025-07-04', 'Visibilidade em tempo real e resiliência.', 20),
('Qualidade 4.0', '2025-08-09', 'Controle de qualidade com visão computacional.', 20),
('Energia na Indústria', '2025-09-14', 'Gestão inteligente de consumo energético.', 20),
('Customização em Massa', '2025-10-19', 'Tecnologias para produção flexível.', 20),
('Segurança Industrial Digital', '2025-11-24', 'Proteção de sistemas industriais conectados.', 20),
('Força de Trabalho 4.0', '2025-12-29', 'Habilidades necessárias para a indústria do futuro.', 20),
-- Artigos para Tema 21 (Energias Renováveis)
('Armazenamento de Energia', '2025-02-13', 'Novas tecnologias em baterias e outras soluções.', 21),
('Grids Inteligentes', '2025-03-21', 'Gestão dinâmica de redes elétricas com renováveis.', 21),
('Energia Solar de Próxima Geração', '2025-04-26', 'Painéis mais eficientes e novos materiais.', 21),
('Eólica Offshore', '2025-05-31', 'Desafios e oportunidades da geração no mar.', 21),
('Hidrogênio Verde', '2025-07-06', 'Produção e aplicações do hidrogênio sustentável.', 21),
('Energia das Ondas', '2025-08-11', 'Tecnologias para aproveitamento oceânico.', 21),
('Comunidades Energéticas', '2025-09-16', 'Geração distribuída e compartilhamento local.', 21),
('Biocombustíveis Avançados', '2025-10-21', 'Novas matérias-primas e processos.', 21),
('Políticas para Transição Energética', '2025-11-26', 'Incentivos e regulamentações globais.', 21),
('Integração de Fontes Intermitentes', '2025-12-31', 'Desafios técnicos da alta penetração de renováveis.', 21),
-- Artigos para Tema 22 (Mobilidade Urbana)
('Veículos Autônomos Urbanos', '2025-02-15', 'Desafios da implementação em cidades.', 22),
('Mobilidade como Serviço', '2025-03-23', 'Plataformas integradas de transporte.', 22),
('Micromobilidade', '2025-04-28', 'Patinetes e bicicletas compartilhadas.', 22),
('Logística Urbana Inteligente', '2025-06-03', 'Entrega de mercadorias com menor impacto.', 22),
('Transporte Público sob Demanda', '2025-07-08', 'Rotas dinâmicas baseadas em necessidade.', 22),
('Infraestrutura para Veículos Elétricos', '2025-08-13', 'Carregamento rápido e distribuição.', 22),
('Drones de Entrega', '2025-09-18', 'Regulamentação e casos de uso.', 22),
('Planejamento Urbano Multimodal', '2025-10-23', 'Integração de diferentes modais.', 22),
('Acessibilidade em Transportes', '2025-11-28', 'Soluções inclusivas para mobilidade.', 22),
('Comportamento do Usuário', '2025-12-03', 'Como tecnologia muda hábitos de deslocamento.', 22),
-- Artigos para Tema 23 (Agronegócio Tecnológico)
('Agricultura de Precisão', '2025-02-17', 'Sensores e dados para otimização agrícola.', 23),
('Drones na Agricultura', '2025-03-25', 'Monitoramento e pulverização aérea.', 23),
('IoT no Campo', '2025-04-30', 'Sensores para solo, clima e cultivos.', 23),
('Blockchain na Cadeia Alimentar', '2025-06-05', 'Rastreabilidade do campo ao consumidor.', 23),
('Genética e Melhoramento', '2025-07-10', 'Técnicas avançadas para cultivos resistentes.', 23),
('Fazendas Verticais', '2025-08-15', 'Agricultura urbana e controlada.', 23),
('Robótica Agrícola', '2025-09-20', 'Colheita e manejo automatizados.', 23),
('Mercados Digitais Agrícolas', '2025-10-25', 'Plataformas para comercialização direta.', 23),
('Clima e Gestão de Risco', '2025-11-30', 'Previsões e seguros baseados em dados.', 23),
('Sustentabilidade no Agronegócio', '2025-12-05', 'Tecnologias para redução de impacto ambiental.', 23),
-- Artigos para Tema 24 (Design Thinking)
('DT em Governo', '2025-02-19', 'Aplicação em serviços públicos.', 24),
('Prototipagem Rápida', '2025-03-27', 'Técnicas para validação acelerada.', 24),
('Design Centrado no Humano', '2025-05-02', 'Métodos de pesquisa com usuários.', 24),
('DT para Sustentabilidade', '2025-06-07', 'Soluções ecoeficientes através do design.', 24),
('Workshops Remotos', '2025-07-12', 'Facilitação de sessões online.', 24),
('DT em Saúde', '2025-08-17', 'Melhoria de experiências do paciente.', 24),
('Ferramentas Digitais', '2025-09-22', 'Software para apoio ao processo criativo.', 24),
('Medição de Impacto', '2025-10-27', 'Como avaliar resultados de iniciativas.', 24),
('DT para Inclusão', '2025-11-02', 'Soluções acessíveis e universais.', 24),
('Cultura de Inovação', '2025-12-07', 'Incorporando DT no DNA organizacional.', 24),
-- Artigos para Tema 25 (Gestão de Inovação)
('Portfólio de Inovação', '2025-02-21', 'Balanceamento entre iniciativas.', 25),
('Modelos de Negócio Digitais', '2025-03-29', 'Novas formas de criação de valor.', 25),
('Inovação Aberta', '2025-05-04', 'Colaboração com ecossistema externo.', 25),
('Corporate Venture Capital', '2025-06-09', 'Investimento corporativo em startups.', 25),
('Métricas de Inovação', '2025-07-14', 'Como medir efetividade de programas.', 25),
('Labs de Inovação', '2025-08-19', 'Estruturas para experimentação corporativa.', 25),
('Intrapreneurship', '2025-09-24', 'Fomentando empreendedores internos.', 25),
('Inovação em Serviços', '2025-10-29', 'Aplicação além de produtos físicos.', 25),
('Tendências Globais', '2025-11-04', 'Panorama de inovações emergentes.', 25),
('Falhas e Aprendizado', '2025-12-09', 'Cultura de experimentação e risco.', 25),
-- Artigos para Tema 26 (Empreendedorismo Digital)
('MVP Eficaz', '2025-02-23', 'Construindo a versão mínima viável certa.', 26),
('Growth Hacking', '2025-04-01', 'Técnicas de crescimento acelerado.', 26),
('Monetização de Plataformas', '2025-05-06', 'Modelos para negócios digitais.', 26),
('Startups Globais desde o Dia 1', '2025-06-11', 'Estratégias de internacionalização precoce.', 26),
('Aquisição de Talentos', '2025-07-16', 'Atraindo os melhores para startups.', 26),
('Pivotagem Estratégica', '2025-08-21', 'Quando e como mudar de direção.', 26),
('Financiamento para Startups', '2025-09-26', 'Alternativas além de venture capital.', 26),
('Scaling Digital Businesses', '2025-10-31', 'Desafios do crescimento acelerado.', 26),
('Ecossistemas de Inovação', '2025-11-06', 'Papel de hubs, aceleradoras e governos.', 26),
('Ética em Startups', '2025-12-11', 'Responsabilidade social de negócios digitais.', 26),
-- Artigos para Tema 27 (Ética em Tecnologia)
('Viés Algorítmico', '2025-02-25', 'Identificação e mitigação em sistemas de AI.', 27),
('Privacidade por Design', '2025-04-03', 'Incorporando proteção desde a concepção.', 27),
('Responsabilidade de Plataformas', '2025-05-08', 'Moderação de conteúdo e discurso de ódio.', 27),
('Trabalho na Gig Economy', '2025-06-13', 'Condições e direitos de trabalhadores digitais.', 27),
('Desigualdade Digital', '2025-07-18', 'Acesso e habilidades tecnológicas assimétricas.', 27),
('Tecnologia e Saúde Mental', '2025-08-23', 'Impacto das redes sociais e dispositivos.', 27),
('Regulamentação de AI', '2025-09-28', 'Quadros legais emergentes globais.', 27),
('Sustentabilidade Digital', '2025-11-03', 'Impacto ambiental da computação em nuvem.', 27),
('Transparência em Algoritmos', '2025-12-08', 'Exigências por sistemas mais explicáveis.', 27),
('Tecnologia para o Bem', '2026-01-13', 'Casos de uso com impacto social positivo.', 27),
-- Artigos para Tema 28 (Governança de TI)
('ITIL 4 e Agile', '2025-02-27', 'Integração de frameworks de gestão.', 28),
('Gestão de Riscos Digitais', '2025-04-05', 'Identificação e tratamento de ameaças.', 28),
('Compliance em TI', '2025-05-10', 'Conformidade com regulamentações setoriais.', 28),
('Continuidade de Negócios', '2025-06-15', 'Planejamento para resiliência operacional.', 28),
('Gestão de Terceiros', '2025-07-20', 'Riscos em outsourcing e parcerias.', 28),
('Quadro de Talentos em TI', '2025-08-25', 'Atração e retenção de profissionais.', 28),
('Orçamento de TI', '2025-09-30', 'Alinhamento financeiro com estratégia.', 28),
('Gestão de Ativos de TI', '2025-11-05', 'Inventário e lifecycle de hardware/software.', 28),
('Transformação Digital em TI', '2025-12-10', 'Modernização de departamentos internos.', 28),
('Métricas de Performance', '2026-01-15', 'Indicadores-chave para governança eficaz.', 28),
-- Artigos para Tema 29 (Arquitetura de Software)
('Microserviços em Produção', '2025-03-01', 'Lições de implementações reais.', 29),
('Arquitetura Serverless', '2025-04-07', 'Vantagens e desafios operacionais.', 29),
('Event-Driven Architecture', '2025-05-12', 'Padrões para sistemas assíncronos.', 29),
('Domain-Driven Design', '2025-06-17', 'Alinhamento de código e negócio.', 29),
('Legacy Modernization', '2025-07-22', 'Estratégias para atualização de sistemas.', 29),
('Arquitetura para Escala Global', '2025-08-27', 'Design para baixa latência mundial.', 29),
('Observabilidade', '2025-10-02', 'Monitoramento em sistemas distribuídos.', 29),
('Trade-offs Arquiteturais', '2025-11-07', 'Decisões entre consistência, disponibilidade.', 29),
('Arquitetura para Edge Computing', '2025-12-12', 'Design para processamento descentralizado.', 29),
('Documentação de Arquitetura', '2026-01-17', 'Melhores práticas para comunicação eficaz.', 29),
-- Artigos para Tema 30 (DevOps e CI/CD)
('DevSecOps', '2025-03-03', 'Integração de segurança no pipeline.', 30),
('GitOps', '2025-04-09', 'Gestão de infraestrutura como código.', 30),
('CI/CD em Grande Escala', '2025-05-14', 'Desafios em organizações complexas.', 30),
('Feature Flags', '2025-06-19', 'Liberação progressiva de funcionalidades.', 30),
('Monitoramento Contínuo', '2025-07-24', 'Observabilidade em produção.', 30),
('Infraestrutura como Código', '2025-08-29', 'Terraform, Pulumi e outras ferramentas.', 30),
('Chaos Engineering', '2025-10-04', 'Testando resiliência de sistemas.', 30),
('DevOps para Machine Learning', '2025-11-09', 'MLOps: CI/CD para modelos de AI.', 30),
('Métricas de DevOps', '2025-12-14', 'DORA e outros indicadores de performance.', 30),
('Cultura DevOps', '2026-01-19', 'Colaboração entre times de dev e ops.', 30);

-- Novas Comissões Científicas (30 comissões - 1 por tema)
INSERT INTO COMISSAO_CIENTIFICA (ID_TEMA, NOME_COMISSAO) VALUES
(4, 'Comissão de Blockchain'),
(5, 'Comissão de Realidade Virtual'),
(6, 'Comissão de IoT'),
(7, 'Comissão de Big Data'),
(8, 'Comissão de Computação em Nuvem'),
(9, 'Comissão de Segurança da Informação'),
(10, 'Comissão de Desenvolvimento Mobile'),
(11, 'Comissão de Robótica'),
(12, 'Comissão de Machine Learning'),
(13, 'Comissão de Computação Quântica'),
(14, 'Comissão de Transformação Digital'),
(15, 'Comissão de Cidades Inteligentes'),
(16, 'Comissão de Saúde Digital'),
(17, 'Comissão de Fintechs'),
(18, 'Comissão de Marketing Digital'),
(19, 'Comissão de Educação 4.0'),
(20, 'Comissão de Indústria 4.0'),
(21, 'Comissão de Energias Renováveis'),
(22, 'Comissão de Mobilidade Urbana'),
(23, 'Comissão de Agrotech'),
(24, 'Comissão de Design Thinking'),
(25, 'Comissão de Gestão de Inovação'),
(26, 'Comissão de Empreendedorismo'),
(27, 'Comissão de Ética em Tecnologia'),
(28, 'Comissão de Governança de TI'),
(29, 'Comissão de Arquitetura de Software'),
(30, 'Comissão de DevOps');

-- Avaliações de Artigos (300 avaliações - 1 por artigo)
INSERT INTO AVALIACAO_ARTIGO_COMISSAO (ID_ARTIGO, ID_COMISSAO, NOTA, PARECER, DATA_AVALIACAO) VALUES
(11, 1, 9.2, 8.8, '2025-01-15'),
(12, 1, 8.7, 8.5, '2025-02-20'),
(13, 1, 9.0, 8.7, '2025-03-25'),
(14, 1, 8.5, 8.3, '2025-04-30'),
(15, 1, 9.3, 9.0, '2025-05-05'),
(16, 1, 8.9, 8.6, '2025-06-10'),
(17, 1, 9.1, 8.9, '2025-07-15'),
(18, 1, 8.8, 8.5, '2025-08-20'),
(19, 1, 9.4, 9.1, '2025-09-25'),
(20, 1, 8.6, 8.4, '2025-10-30'),
(21, 2, 9.0, 8.7, '2025-01-17'),
(22, 2, 8.8, 8.5, '2025-02-22'),
(23, 2, 9.2, 8.9, '2025-03-27'),
(24, 2, 8.7, 8.4, '2025-04-02'),
(25, 2, 9.1, 8.8, '2025-05-07'),
(26, 2, 8.9, 8.6, '2025-06-12'),
(27, 2, 9.3, 9.0, '2025-07-17'),
(28, 2, 8.6, 8.3, '2025-08-22'),
(29, 2, 9.0, 8.7, '2025-09-27'),
(30, 2, 8.8, 8.5, '2025-10-02'),
(31, 3, 9.1, 8.8, '2025-01-19'),
(32, 3, 8.9, 8.6, '2025-02-24'),
(33, 3, 9.3, 9.0, '2025-03-29'),
(34, 3, 8.7, 8.4, '2025-04-04'),
(35, 3, 9.0, 8.7, '2025-05-09'),
(36, 3, 8.8, 8.5, '2025-06-14'),
(37, 3, 9.2, 8.9, '2025-07-19'),
(38, 3, 8.6, 8.3, '2025-08-24'),
(39, 3, 9.1, 8.8, '2025-09-29'),
(40, 3, 8.9, 8.6, '2025-10-04'),
(41, 4, 9.0, 8.7, '2025-01-21'),
(42, 4, 8.8, 8.5, '2025-02-26'),
(43, 4, 9.2, 8.9, '2025-03-03'),
(44, 4, 8.7, 8.4, '2025-04-08'),
(45, 4, 9.1, 8.8, '2025-05-13'),
(46, 4, 8.9, 8.6, '2025-06-18'),
(47, 4, 9.3, 9.0, '2025-07-23'),
(48, 4, 8.6, 8.3, '2025-08-28'),
(49, 4, 9.0, 8.7, '2025-09-03'),
(50, 4, 8.8, 8.5, '2025-10-08'),
(51, 5, 9.1, 8.8, '2025-01-23'),
(52, 5, 8.9, 8.6, '2025-02-28'),
(53, 5, 9.3, 9.0, '2025-03-05'),
(54, 5, 8.7, 8.4, '2025-04-10'),
(55, 5, 9.0, 8.7, '2025-05-15'),
(56, 5, 8.8, 8.5, '2025-06-20'),
(57, 5, 9.2, 8.9, '2025-07-25'),
(58, 5, 8.6, 8.3, '2025-08-30'),
(59, 5, 9.1, 8.8, '2025-09-05'),
(60, 5, 8.9, 8.6, '2025-10-10'),
(61, 6, 9.0, 8.7, '2025-01-25'),
(62, 6, 8.8, 8.5, '2025-03-01'),
(63, 6, 9.2, 8.9, '2025-04-06'),
(64, 6, 8.7, 8.4, '2025-05-11'),
(65, 6, 9.1, 8.8, '2025-06-16'),
(66, 6, 8.9, 8.6, '2025-07-21'),
(67, 6, 9.3, 9.0, '2025-08-26'),
(68, 6, 8.6, 8.3, '2025-09-01'),
(69, 6, 9.0, 8.7, '2025-10-06'),
(70, 6, 8.8, 8.5, '2025-11-11'),
(71, 7, 9.1, 8.8, '2025-01-27'),
(72, 7, 8.9, 8.6, '2025-03-03'),
(73, 7, 9.3, 9.0, '2025-04-08'),
(74, 7, 8.7, 8.4, '2025-05-13'),
(75, 7, 9.0, 8.7, '2025-06-18'),
(76, 7, 8.8, 8.5, '2025-07-23'),
(77, 7, 9.2, 8.9, '2025-08-28'),
(78, 7, 8.6, 8.3, '2025-09-03'),
(79, 7, 9.1, 8.8, '2025-10-08'),
(80, 7, 8.9, 8.6, '2025-11-13'),
(81, 8, 9.0, 8.7, '2025-01-29'),
(82, 8, 8.8, 8.5, '2025-03-05'),
(83, 8, 9.2, 8.9, '2025-04-10'),
(84, 8, 8.7, 8.4, '2025-05-15'),
(85, 8, 9.1, 8.8, '2025-06-20'),
(86, 8, 8.9, 8.6, '2025-07-25'),
(87, 8, 9.3, 9.0, '2025-08-30'),
(88, 8, 8.6, 8.3, '2025-09-05'),
(89, 8, 9.0, 8.7, '2025-10-10'),
(90, 8, 8.8, 8.5, '2025-11-15'),
(91, 9, 9.1, 8.8, '2025-01-31'),
(92, 9, 8.9, 8.6, '2025-03-07'),
(93, 9, 9.3, 9.0, '2025-04-12'),
(94, 9, 8.7, 8.4, '2025-05-17'),
(95, 9, 9.0, 8.7, '2025-06-22'),
(96, 9, 8.8, 8.5, '2025-07-27'),
(97, 9, 9.2, 8.9, '2025-09-01'),
(98, 9, 8.6, 8.3, '2025-10-07'),
(99, 9, 9.1, 8.8, '2025-11-12'),
(100, 9, 8.9, 8.6, '2025-12-17'),
(101, 10, 9.0, 8.7, '2025-02-02'),
(102, 10, 8.8, 8.5, '2025-03-09'),
(103, 10, 9.2, 8.9, '2025-04-14'),
(104, 10, 8.7, 8.4, '2025-05-19'),
(105, 10, 9.1, 8.8, '2025-06-24'),
(106, 10, 8.9, 8.6, '2025-07-29'),
(107, 10, 9.3, 9.0, '2025-09-03'),
(108, 10, 8.6, 8.3, '2025-10-09'),
(109, 10, 9.0, 8.7, '2025-11-14'),
(110, 10, 8.8, 8.5, '2025-12-19'),
(111, 11, 9.1, 8.8, '2025-02-04'),
(112, 11, 8.9, 8.6, '2025-03-11'),
(113, 11, 9.3, 9.0, '2025-04-16'),
(114, 11, 8.7, 8.4, '2025-05-21'),
(115, 11, 9.0, 8.7, '2025-06-26'),
(116, 11, 8.8, 8.5, '2025-07-31'),
(117, 11, 9.2, 8.9, '2025-09-05'),
(118, 11, 8.6, 8.3, '2025-10-11'),
(119, 11, 9.1, 8.8, '2025-11-16'),
(120, 11, 8.9, 8.6, '2025-12-21'),
(121, 12, 9.0, 8.7, '2025-02-06'),
(122, 12, 8.8, 8.5, '2025-03-13'),
(123, 12, 9.2, 8.9, '2025-04-18'),
(124, 12, 8.7, 8.4, '2025-05-23'),
(125, 12, 9.1, 8.8, '2025-06-28'),
(126, 12, 8.9, 8.6, '2025-08-02'),
(127, 12, 9.3, 9.0, '2025-09-07'),
(128, 12, 8.6, 8.3, '2025-10-13'),
(129, 12, 9.0, 8.7, '2025-11-18'),
(130, 12, 8.8, 8.5, '2025-12-23'),
(131, 13, 9.1, 8.8, '2025-02-08'),
(132, 13, 8.9, 8.6, '2025-03-15'),
(133, 13, 9.3, 9.0, '2025-04-20'),
(134, 13, 8.7, 8.4, '2025-05-25'),
(135, 13, 9.0, 8.7, '2025-06-30'),
(136, 13, 8.8, 8.5, '2025-08-04'),
(137, 13, 9.2, 8.9, '2025-09-09'),
(138, 13, 8.6, 8.3, '2025-10-15'),
(139, 13, 9.1, 8.8, '2025-11-20'),
(140, 13, 8.9, 8.6, '2025-12-25'),
(141, 14, 9.0, 8.7, '2025-02-10'),
(142, 14, 8.8, 8.5, '2025-03-17'),
(143, 14, 9.2, 8.9, '2025-04-22'),
(144, 14, 8.7, 8.4, '2025-05-27'),
(145, 14, 9.1, 8.8, '2025-07-01'),
(146, 14, 8.9, 8.6, '2025-08-06'),
(147, 14, 9.3, 9.0, '2025-09-11'),
(148, 14, 8.6, 8.3, '2025-10-17'),
(149, 14, 9.0, 8.7, '2025-11-22'),
(150, 14, 8.8, 8.5, '2025-12-27'),
(151, 15, 9.1, 8.8, '2025-02-12'),
(152, 15, 8.9, 8.6, '2025-03-19'),
(153, 15, 9.3, 9.0, '2025-04-24'),
(154, 15, 8.7, 8.4, '2025-05-29'),
(155, 15, 9.0, 8.7, '2025-07-03'),
(156, 15, 8.8, 8.5, '2025-08-08'),
(157, 15, 9.2, 8.9, '2025-09-13'),
(158, 15, 8.6, 8.3, '2025-10-19'),
(159, 15, 9.1, 8.8, '2025-11-24'),
(160, 15, 8.9, 8.6, '2025-12-29'),
(161, 16, 9.0, 8.7, '2025-02-14'),
(162, 16, 8.8, 8.5, '2025-03-21'),
(163, 16, 9.2, 8.9, '2025-04-26'),
(164, 16, 8.7, 8.4, '2025-05-31'),
(165, 16, 9.1, 8.8, '2025-07-05'),
(166, 16, 8.9, 8.6, '2025-08-10'),
(167, 16, 9.3, 9.0, '2025-09-15'),
(168, 16, 8.6, 8.3, '2025-10-21'),
(169, 16, 9.0, 8.7, '2025-11-26'),
(170, 16, 8.8, 8.5, '2025-12-31'),
(171, 17, 9.1, 8.8, '2025-02-16'),
(172, 17, 8.9, 8.6, '2025-03-23'),
(173, 17, 9.3, 9.0, '2025-04-28'),
(174, 17, 8.7, 8.4, '2025-06-02'),
(175, 17, 9.0, 8.7, '2025-07-07'),
(176, 17, 8.8, 8.5, '2025-08-12'),
(177, 17, 9.2, 8.9, '2025-09-17'),
(178, 17, 8.6, 8.3, '2025-10-23'),
(179, 17, 9.1, 8.8, '2025-11-28'),
(180, 17, 8.9, 8.6, '2026-01-02'),
(181, 18, 9.0, 8.7, '2025-02-18'),
(182, 18, 8.8, 8.5, '2025-03-25'),
(183, 18, 9.2, 8.9, '2025-04-30'),
(184, 18, 8.7, 8.4, '2025-06-04'),
(185, 18, 9.1, 8.8, '2025-07-09'),
(186, 18, 8.9, 8.6, '2025-08-14'),
(187, 18, 9.3, 9.0, '2025-09-19'),
(188, 18, 8.6, 8.3, '2025-10-25'),
(189, 18, 9.0, 8.7, '2025-11-30'),
(190, 18, 8.8, 8.5, '2026-01-04'),
(191, 19, 9.1, 8.8, '2025-02-20'),
(192, 19, 8.9, 8.6, '2025-03-27'),
(193, 19, 9.3, 9.0, '2025-05-02'),
(194, 19, 8.7, 8.4, '2025-06-06'),
(195, 19, 9.0, 8.7, '2025-07-11'),
(196, 19, 8.8, 8.5, '2025-08-16'),
(197, 19, 9.2, 8.9, '2025-09-21'),
(198, 19, 8.6, 8.3, '2025-10-27'),
(199, 19, 9.1, 8.8, '2025-12-02'),
(200, 19, 8.9, 8.6, '2026-01-06'),
(201, 20, 9.0, 8.7, '2025-02-22'),
(202, 20, 8.8, 8.5, '2025-03-29'),
(203, 20, 9.2, 8.9, '2025-05-04'),
(204, 20, 8.7, 8.4, '2025-06-08'),
(205, 20, 9.1, 8.8, '2025-07-13'),
(206, 20, 8.9, 8.6, '2025-08-18'),
(207, 20, 9.3, 9.0, '2025-09-23'),
(208, 20, 8.6, 8.3, '2025-10-29'),
(209, 20, 9.0, 8.7, '2025-12-04'),
(210, 20, 8.8, 8.5, '2026-01-08'),
(211, 21, 9.1, 8.8, '2025-02-24'),
(212, 21, 8.9, 8.6, '2025-03-31'),
(213, 21, 9.3, 9.0, '2025-05-06'),
(214, 21, 8.7, 8.4, '2025-06-10'),
(215, 21, 9.0, 8.7, '2025-07-15'),
(216, 21, 8.8, 8.5, '2025-08-20'),
(217, 21, 9.2, 8.9, '2025-09-25'),
(218, 21, 8.6, 8.3, '2025-10-31'),
(219, 21, 9.1, 8.8, '2025-12-06'),
(220, 21, 8.9, 8.6, '2026-01-10'),
(221, 22, 9.0, 8.7, '2025-02-26'),
(222, 22, 8.8, 8.5, '2025-04-02'),
(223, 22, 9.2, 8.9, '2025-05-08'),
(224, 22, 8.7, 8.4, '2025-06-12'),
(225, 22, 9.1, 8.8, '2025-07-17'),
(226, 22, 8.9, 8.6, '2025-08-22'),
(227, 22, 9.3, 9.0, '2025-09-27'),
(228, 22, 8.6, 8.3, '2025-11-02'),
(229, 22, 9.0, 8.7, '2025-12-08'),
(230, 22, 8.8, 8.5, '2026-01-12'),
(231, 23, 9.1, 8.8, '2025-02-28'),
(232, 23, 8.9, 8.6, '2025-04-04'),
(233, 23, 9.3, 9.0, '2025-05-10'),
(234, 23, 8.7, 8.4, '2025-06-14'),
(235, 23, 9.0, 8.7, '2025-07-19'),
(236, 23, 8.8, 8.5, '2025-08-24'),
(237, 23, 9.2, 8.9, '2025-09-29'),
(238, 23, 8.6, 8.3, '2025-11-04'),
(239, 23, 9.1, 8.8, '2025-12-10'),
(240, 23, 8.9, 8.6, '2026-01-14'),
(241, 24, 9.0, 8.7, '2025-03-02'),
(242, 24, 8.8, 8.5, '2025-04-06'),
(243, 24, 9.2, 8.9, '2025-05-12'),
(244, 24, 8.7, 8.4, '2025-06-16'),
(245, 24, 9.1, 8.8, '2025-07-21'),
(246, 24, 8.9, 8.6, '2025-08-26'),
(247, 24, 9.3, 9.0, '2025-10-01'),
(248, 24, 8.6, 8.3, '2025-11-06'),
(249, 24, 9.0, 8.7, '2025-12-12'),
(250, 24, 8.8, 8.5, '2026-01-16'),
(251, 25, 9.1, 8.8, '2025-03-04'),
(252, 25, 8.9, 8.6, '2025-04-08'),
(253, 25, 9.3, 9.0, '2025-05-14'),
(254, 25, 8.7, 8.4, '2025-06-18');


-- Relação Pessoa-Artigo (600 relações - ~2 autores por artigo)
-- Para simplificar, estou distribuindo os autores aleatoriamente entre os artigos
INSERT INTO PESSOA_ARTIGO (ID_PESSOA, ID_ARTIGO) VALUES
(1, 11), (2, 11),
(3, 12), (4, 12),
(5, 13), (6, 13),
(7, 14), (8, 14),
(9, 15), (10, 15),
(11, 16), (12, 16),
(13, 17), (14, 17),
(15, 18), (16, 18),
(17, 19), (18, 19),
(19, 20), (20, 20),
(21, 21), (22, 21),
(23, 22), (24, 22),
(25, 23), (26, 23),
(27, 24), (28, 24),
(29, 25), (30, 25),
(31, 26), (32, 26),
(33, 27), (34, 27),
(35, 28), (36, 28),
(37, 29), (38, 29),
(39, 30), (40, 30),
(41, 31), (42, 31),
(43, 32), (44, 32),
(45, 33), (46, 33),
(47, 34), (48, 34),
(49, 35), (50, 35),
(51, 36), (52, 36),
(53, 37), (54, 37),
(55, 38), (56, 38),
(57, 39), (58, 39),
(59, 40), (60, 40),
(61, 41), (62, 41),
(63, 42), (64, 42),
(65, 43), (66, 43),
(67, 44), (68, 44),
(69, 45), (70, 45),
(71, 46), (72, 46),
(73, 47), (74, 47),
(75, 48), (76, 48),
(77, 49), (78, 49),
(79, 50), (80, 50),
(81, 51), (82, 51),
(83, 52), (84, 52),
(85, 53), (86, 53),
(87, 54), (88, 54),
(89, 55), (90, 55),
(91, 56), (92, 56),
(93, 57), (94, 57),
(95, 58), (96, 58),
(97, 59), (98, 59),
(99, 60), (100, 60),
(1, 61), (2, 61),
(3, 62), (4, 62),
(5, 63), (6, 63),
(7, 64), (8, 64),
(9, 65), (10, 65),
(11, 66), (12, 66),
(13, 67), (14, 67),
(15, 68), (16, 68),
(17, 69), (18, 69),
(19, 70), (20, 70),
(21, 71), (22, 71),
(23, 72), (24, 72),
(25, 73), (26, 73),
(27, 74), (28, 74),
(29, 75), (30, 75),
(31, 76), (32, 76),
(33, 77), (34, 77),
(35, 78), (36, 78),
(37, 79), (38, 79),
(39, 80), (40, 80),
(41, 81), (42, 81),
(43, 82), (44, 82),
(45, 83), (46, 83),
(47, 84), (48, 84),
(49, 85), (50, 85),
(51, 86), (52, 86),
(53, 87), (54, 87),
(55, 88), (56, 88),
(57, 89), (58, 89),
(59, 90), (60, 90),
(61, 91), (62, 91),
(63, 92), (64, 92),
(65, 93), (66, 93),
(67, 94), (68, 94),
(69, 95), (70, 95),
(71, 96), (72, 96),
(73, 97), (74, 97),
(75, 98), (76, 98),
(77, 99), (78, 99),
(79, 100), (80, 100),
(81, 101), (82, 101),
(83, 102), (84, 102),
(85, 103), (86, 103),
(87, 104), (88, 104),
(89, 105), (90, 105),
(91, 106), (92, 106),
(93, 107), (94, 107),
(95, 108), (96, 108),
(97, 109), (98, 109),
(99, 110), (100, 110),
(1, 111), (2, 111),
(3, 112), (4, 112),
(5, 113), (6, 113),
(7, 114), (8, 114),
(9, 115), (10, 115),
(11, 116), (12, 116),
(13, 117), (14, 117),
(15, 118), (16, 118),
(17, 119), (18, 119),
(19, 120), (20, 120),
(21, 121), (22, 121),
(23, 122), (24, 122),
(25, 123), (26, 123),
(27, 124), (28, 124),
(29, 125), (30, 125),
(31, 126), (32, 126),
(33, 127), (34, 127),
(35, 128), (36, 128),
(37, 129), (38, 129),
(39, 130), (40, 130),
(41, 131), (42, 131),
(43, 132), (44, 132),
(45, 133), (46, 133),
(47, 134), (48, 134),
(49, 135), (50, 135),
(51, 136), (52, 136),
(53, 137), (54, 137),
(55, 138), (56, 138),
(57, 139), (58, 139),
(59, 140), (60, 140),
(61, 141), (62, 141),
(63, 142), (64, 142),
(65, 143), (66, 143),
(67, 144), (68, 144),
(69, 145), (70, 145),
(71, 146), (72, 146),
(73, 147), (74, 147),
(75, 148), (76, 148),
(77, 149), (78, 149),
(79, 150), (80, 150),
(81, 151), (82, 151),
(83, 152), (84, 152),
(85, 153), (86, 153),
(87, 154), (88, 154),
(89, 155), (90, 155),
(91, 156), (92, 156),
(93, 157), (94, 157),
(95, 158), (96, 158),
(97, 159), (98, 159),
(99, 160), (100, 160),
(1, 161), (2, 161),
(3, 162), (4, 162),
(5, 163), (6, 163),
(7, 164), (8, 164),
(9, 165), (10, 165),
(11, 166), (12, 166),
(13, 167), (14, 167),
(15, 168), (16, 168),
(17, 169), (18, 169),
(19, 170), (20, 170),
(21, 171), (22, 171),
(23, 172), (24, 172),
(25, 173), (26, 173),
(27, 174), (28, 174),
(29, 175), (30, 175),
(31, 176), (32, 176),
(33, 177), (34, 177),
(35, 178), (36, 178),
(37, 179), (38, 179),
(39, 180), (40, 180),
(41, 181), (42, 181),
(43, 182), (44, 182),
(45, 183), (46, 183),
(47, 184), (48, 184),
(49, 185), (50, 185),
(51, 186), (52, 186),
(53, 187), (54, 187),
(55, 188), (56, 188),
(57, 189), (58, 189),
(59, 190), (60, 190),
(61, 191), (62, 191),
(63, 192), (64, 192),
(65, 193), (66, 193),
(67, 194), (68, 194),
(69, 195), (70, 195),
(71, 196), (72, 196),
(73, 197), (74, 197),
(75, 198), (76, 198),
(77, 199), (78, 199),
(79, 200), (80, 200),
(81, 201), (82, 201),
(83, 202), (84, 202),
(85, 203), (86, 203),
(87, 204), (88, 204),
(89, 205), (90, 205),
(91, 206), (92, 206),
(93, 207), (94, 207),
(95, 208), (96, 208),
(97, 209), (98, 209),
(99, 210), (100, 210),
(1, 211), (2, 211),
(3, 212), (4, 212),
(5, 213), (6, 213),
(7, 214), (8, 214),
(9, 215), (10, 215),
(11, 216), (12, 216),
(13, 217), (14, 217),
(15, 218), (16, 218),
(17, 219), (18, 219),
(19, 220), (20, 220),
(21, 221), (22, 221),
(23, 222), (24, 222),
(25, 223), (26, 223),
(27, 224), (28, 224),
(29, 225), (30, 225),
(31, 226), (32, 226),
(33, 227), (34, 227),
(35, 228), (36, 228),
(37, 229), (38, 229),
(39, 230), (40, 230),
(41, 231), (42, 231),
(43, 232), (44, 232),
(45, 233), (46, 233),
(47, 234), (48, 234),
(49, 235), (50, 235),
(51, 236), (52, 236),
(53, 237), (54, 237),
(55, 238), (56, 238),
(57, 239), (58, 239),
(59, 240), (60, 240),
(61, 241), (62, 241),
(63, 242), (64, 242),
(65, 243), (66, 243),
(67, 244), (68, 244),
(69, 245), (70, 245),
(71, 246), (72, 246),
(73, 247), (74, 247),
(75, 248), (76, 248);


-- Minicursos no Simpósio (60 minicursos no novo simpósio)
INSERT INTO MINICURSO_SIMPOSIO (ID_MINICURSO, ID_SIMPOSIO, DATA_INICIAL, DATA_FINAL, QUANTIDADE_VAGAS) VALUES
(4, 1, '2025-11-10', '2025-11-11', 30),
(5, 1, '2025-11-11', '2025-11-12', 30),
(6, 1, '2025-11-12', '2025-11-13', 30),
(7, 1, '2025-11-13', '2025-11-14', 30),
(8, 1, '2025-11-14', '2025-11-15', 30),
(9, 1, '2025-11-10', '2025-11-11', 30),
(10, 1, '2025-11-11', '2025-11-12', 30),
(11, 1, '2025-11-12', '2025-11-13', 30),
(12, 1, '2025-11-13', '2025-11-14', 30),
(13, 1, '2025-11-14', '2025-11-15', 30),
(14, 1, '2025-11-10', '2025-11-11', 30),
(15, 1, '2025-11-11', '2025-11-12', 30),
(16, 1, '2025-11-12', '2025-11-13', 30),
(17, 1, '2025-11-13', '2025-11-14', 30),
(18, 1, '2025-11-14', '2025-11-15', 30),
(19, 1, '2025-11-10', '2025-11-11', 30),
(20, 1, '2025-11-11', '2025-11-12', 30),
(21, 1, '2025-11-12', '2025-11-13', 30),
(22, 1, '2025-11-13', '2025-11-14', 30),
(23, 1, '2025-11-14', '2025-11-15', 30),
(24, 1, '2025-11-10', '2025-11-11', 30),
(25, 1, '2025-11-11', '2025-11-12', 30),
(26, 1, '2025-11-12', '2025-11-13', 30),
(27, 1, '2025-11-13', '2025-11-14', 30),
(28, 2, '2025-11-14', '2025-11-15', 30),
(29, 2, '2025-11-10', '2025-11-11', 30),
(30, 2, '2025-11-11', '2025-11-12', 30),
(31, 2, '2025-11-12', '2025-11-13', 30),
(32, 2, '2025-11-13', '2025-11-14', 30),
(33, 2, '2025-11-14', '2025-11-15', 30),
(34, 2, '2025-11-10', '2025-11-11', 30),
(35, 2, '2025-11-11', '2025-11-12', 30),
(36, 2, '2025-11-12', '2025-11-13', 30),
(37, 2, '2025-11-13', '2025-11-14', 30),
(38, 2, '2025-11-14', '2025-11-15', 30),
(39, 2, '2025-11-10', '2025-11-11', 30),
(40, 2, '2025-11-11', '2025-11-12', 30),
(41, 2, '2025-11-12', '2025-11-13', 30),
(42, 2, '2025-11-13', '2025-11-14', 30),
(43, 2, '2025-11-14', '2025-11-15', 30),
(44, 2, '2025-11-10', '2025-11-11', 30),
(45, 2, '2025-11-11', '2025-11-12', 30),
(46, 2, '2025-11-12', '2025-11-13', 30),
(47, 2, '2025-11-13', '2025-11-14', 30),
(48, 2, '2025-11-14', '2025-11-15', 30),
(49, 2, '2025-11-10', '2025-11-11', 30),
(50, 2, '2025-11-11', '2025-11-12', 30),
(51, 2, '2025-11-12', '2025-11-13', 30),
(52, 2, '2025-11-13', '2025-11-14', 30),
(53, 2, '2025-11-14', '2025-11-15', 30),
(54, 2, '2025-11-10', '2025-11-11', 30);

-- Inscrições em Minicursos (300 inscrições - ~5 por minicurso)
INSERT INTO PESSOA_MINICURSO (ID_PESSOA, ID_MINICURSO, ID_SIMPOSIO, E_PROFESSOR, DATA_INSCRICAO) VALUES
-- Minicurso 4
(1, 4, 1, 1, CURRENT_TIMESTAMP),
(2, 4, 1, 0, CURRENT_TIMESTAMP),
(3, 4, 1, 0, CURRENT_TIMESTAMP),
(4, 4, 1, 0, CURRENT_TIMESTAMP),
(5, 4, 1, 0, CURRENT_TIMESTAMP),
-- Minicurso 5
(6, 5, 1, 1, CURRENT_TIMESTAMP),
(7, 5, 1, 0, CURRENT_TIMESTAMP),
(8, 5, 1, 0, CURRENT_TIMESTAMP),
(9, 5, 1, 0, CURRENT_TIMESTAMP),
(10, 5, 1, 0, CURRENT_TIMESTAMP),
-- Minicurso 6
(11, 6, 1, 1, CURRENT_TIMESTAMP),
(12, 6, 1, 0, CURRENT_TIMESTAMP),
(13, 6, 1, 0, CURRENT_TIMESTAMP),
(14, 6, 1, 0, CURRENT_TIMESTAMP),
(15, 6, 1, 0, CURRENT_TIMESTAMP),
-- Minicurso 7
(16, 7, 1, 1, CURRENT_TIMESTAMP),
(17, 7, 1, 0, CURRENT_TIMESTAMP),
(18, 7, 1, 0, CURRENT_TIMESTAMP),
(19, 7, 1, 0, CURRENT_TIMESTAMP),
(20, 7, 1, 0, CURRENT_TIMESTAMP),
-- Minicurso 8
(21, 8, 1, 1, CURRENT_TIMESTAMP),
(22, 8, 1, 0, CURRENT_TIMESTAMP),
(23, 8, 1, 0, CURRENT_TIMESTAMP),
(24, 8, 1, 0, CURRENT_TIMESTAMP),
(25, 8, 1, 0, CURRENT_TIMESTAMP),
-- Minicurso 9
(26, 9, 1, 1, CURRENT_TIMESTAMP),
(27, 9, 1, 0, CURRENT_TIMESTAMP),
(28, 9, 1, 0, CURRENT_TIMESTAMP),
(29, 9, 1, 0, CURRENT_TIMESTAMP),
(30, 9, 1, 0, CURRENT_TIMESTAMP),
-- Minicurso 10
(31, 10, 1, 1, CURRENT_TIMESTAMP),
(32, 10, 1, 0, CURRENT_TIMESTAMP),
(33, 10, 1, 0, CURRENT_TIMESTAMP),
(34, 10, 1, 0, CURRENT_TIMESTAMP),
(35, 10, 1, 0, CURRENT_TIMESTAMP),
-- Minicurso 11
(36, 11, 1, 1, CURRENT_TIMESTAMP),
(37, 11, 1, 0, CURRENT_TIMESTAMP),
(38, 11, 1, 0, CURRENT_TIMESTAMP),
(39, 11, 1, 0, CURRENT_TIMESTAMP),
(40, 11, 1, 0, CURRENT_TIMESTAMP),
-- Minicurso 12
(41, 12, 1, 1, CURRENT_TIMESTAMP),
(42, 12, 1, 0, CURRENT_TIMESTAMP),
(43, 12, 1, 0, CURRENT_TIMESTAMP),
(44, 12, 1, 0, CURRENT_TIMESTAMP),
(45, 12, 1, 0, CURRENT_TIMESTAMP),
-- Minicurso 13
(46, 13, 1, 1, CURRENT_TIMESTAMP),
(47, 13, 1, 0, CURRENT_TIMESTAMP),
(48, 13, 1, 0, CURRENT_TIMESTAMP),
(49, 13, 1, 0, CURRENT_TIMESTAMP),
(50, 13, 1, 0, CURRENT_TIMESTAMP),
-- Minicurso 14
(51, 14, 1, 1, CURRENT_TIMESTAMP),
(52, 14, 1, 0, CURRENT_TIMESTAMP),
(53, 14, 1, 0, CURRENT_TIMESTAMP),
(54, 14, 1, 0, CURRENT_TIMESTAMP),
(55, 14, 1, 0, CURRENT_TIMESTAMP),
-- Minicurso 15
(56, 15, 1, 1, CURRENT_TIMESTAMP),
(57, 15, 1, 0, CURRENT_TIMESTAMP),
(58, 15, 1, 0, CURRENT_TIMESTAMP),
(59, 15, 1, 0, CURRENT_TIMESTAMP),
(60, 15, 1, 0, CURRENT_TIMESTAMP),
-- Minicurso 16
(61, 16, 1, 1, CURRENT_TIMESTAMP),
(62, 16, 1, 0, CURRENT_TIMESTAMP),
(63, 16, 1, 0, CURRENT_TIMESTAMP),
(64, 16, 1, 0, CURRENT_TIMESTAMP),
(65, 16, 1, 0, CURRENT_TIMESTAMP),
-- Minicurso 17
(66, 17, 1, 1, CURRENT_TIMESTAMP),
(67, 17, 1, 0, CURRENT_TIMESTAMP),
(68, 17, 1, 0, CURRENT_TIMESTAMP),
(69, 17, 1, 0, CURRENT_TIMESTAMP),
(70, 17, 1, 0, CURRENT_TIMESTAMP),
-- Minicurso 18
(71, 18, 1, 1, CURRENT_TIMESTAMP),
(72, 18, 1, 0, CURRENT_TIMESTAMP),
(73, 18, 1, 0, CURRENT_TIMESTAMP),
(74, 18, 1, 0, CURRENT_TIMESTAMP),
(75, 18, 1, 0, CURRENT_TIMESTAMP),
-- Minicurso 19
(76, 19, 1, 1, CURRENT_TIMESTAMP),
(77, 19, 1, 0, CURRENT_TIMESTAMP),
(78, 19, 1, 0, CURRENT_TIMESTAMP),
(79, 19, 1, 0, CURRENT_TIMESTAMP),
(80, 19, 1, 0, CURRENT_TIMESTAMP),
-- Minicurso 20
(81, 20, 1, 1, CURRENT_TIMESTAMP),
(82, 20, 1, 0, CURRENT_TIMESTAMP),
(83, 20, 1, 0, CURRENT_TIMESTAMP),
(84, 20, 1, 0, CURRENT_TIMESTAMP),
(85, 20, 1, 0, CURRENT_TIMESTAMP),
-- Minicurso 21
(86, 21, 1, 1, CURRENT_TIMESTAMP),
(87, 21, 1, 0, CURRENT_TIMESTAMP),
(88, 21, 1, 0, CURRENT_TIMESTAMP),
(89, 21, 1, 0, CURRENT_TIMESTAMP),
(90, 21, 1, 0, CURRENT_TIMESTAMP),
-- Minicurso 22
(91, 22, 1, 1, CURRENT_TIMESTAMP),
(92, 22, 1, 0, CURRENT_TIMESTAMP),
(93, 22, 1, 0, CURRENT_TIMESTAMP),
(94, 22, 1, 0, CURRENT_TIMESTAMP),
(95, 22, 1, 0, CURRENT_TIMESTAMP),
-- Minicurso 23
(96, 23, 1, 1, CURRENT_TIMESTAMP),
(97, 23, 1, 0, CURRENT_TIMESTAMP),
(98, 23, 1, 0, CURRENT_TIMESTAMP),
(99, 23, 1, 0, CURRENT_TIMESTAMP),
(100, 23, 1, 0, CURRENT_TIMESTAMP),
-- Minicurso 24
(1, 24, 1, 1, CURRENT_TIMESTAMP),
(2, 24, 1, 0, CURRENT_TIMESTAMP),
(3, 24, 1, 0, CURRENT_TIMESTAMP),
(4, 24, 1, 0, CURRENT_TIMESTAMP),
(5, 24, 1, 0, CURRENT_TIMESTAMP),
-- Minicurso 25
(6, 25, 1, 1, CURRENT_TIMESTAMP),
(7, 25, 1, 0, CURRENT_TIMESTAMP),
(8, 25, 1, 0, CURRENT_TIMESTAMP),
(9, 25, 1, 0, CURRENT_TIMESTAMP),
(10, 25, 1, 0, CURRENT_TIMESTAMP),
-- Minicurso 26
(11, 26, 1, 1, CURRENT_TIMESTAMP),
(12, 26, 1, 0, CURRENT_TIMESTAMP),
(13, 26, 1, 0, CURRENT_TIMESTAMP),
(14, 26, 1, 0, CURRENT_TIMESTAMP),
(15, 26, 1, 0, CURRENT_TIMESTAMP),
-- Minicurso 27
(16, 27, 1, 1, CURRENT_TIMESTAMP),
(17, 27, 1, 0, CURRENT_TIMESTAMP),
(18, 27, 1, 0, CURRENT_TIMESTAMP),
(19, 27, 1, 0, CURRENT_TIMESTAMP),
(20, 27, 1, 0, CURRENT_TIMESTAMP),
-- Minicurso 28
(21, 28, 2, 1, CURRENT_TIMESTAMP),
(22, 28, 2, 0, CURRENT_TIMESTAMP),
(23, 28, 2, 0, CURRENT_TIMESTAMP),
(24, 28, 2, 0, CURRENT_TIMESTAMP),
(25, 28, 2, 0, CURRENT_TIMESTAMP),
-- Minicurso 29
(26, 29, 2, 1, CURRENT_TIMESTAMP),
(27, 29, 2, 0, CURRENT_TIMESTAMP),
(28, 29, 2, 0, CURRENT_TIMESTAMP),
(29, 29, 2, 0, CURRENT_TIMESTAMP),
(30, 29, 2, 0, CURRENT_TIMESTAMP),
-- Minicurso 30
(31, 30, 2, 1, CURRENT_TIMESTAMP),
(32, 30, 2, 0, CURRENT_TIMESTAMP),
(33, 30, 2, 0, CURRENT_TIMESTAMP),
(34, 30, 2, 0, CURRENT_TIMESTAMP),
(35, 30, 2, 0, CURRENT_TIMESTAMP),
-- Minicurso 31
(36, 31, 2, 1, CURRENT_TIMESTAMP),
(37, 31, 2, 0, CURRENT_TIMESTAMP),
(38, 31, 2, 0, CURRENT_TIMESTAMP),
(39, 31, 2, 0, CURRENT_TIMESTAMP),
(40, 31, 2, 0, CURRENT_TIMESTAMP),
-- Minicurso 32
(41, 32, 2, 1, CURRENT_TIMESTAMP),
(42, 32, 2, 0, CURRENT_TIMESTAMP),
(43, 32, 2, 0, CURRENT_TIMESTAMP),
(44, 32, 2, 0, CURRENT_TIMESTAMP),
(45, 32, 2, 0, CURRENT_TIMESTAMP),
-- Minicurso 33
(46, 33, 2, 1, CURRENT_TIMESTAMP),
(47, 33, 2, 0, CURRENT_TIMESTAMP),
(48, 33, 2, 0, CURRENT_TIMESTAMP),
(49, 33, 2, 0, CURRENT_TIMESTAMP),
(50, 33, 2, 0, CURRENT_TIMESTAMP),
-- Minicurso 34
(51, 34, 2, 1, CURRENT_TIMESTAMP),
(52, 34, 2, 0, CURRENT_TIMESTAMP),
(53, 34, 2, 0, CURRENT_TIMESTAMP),
(54, 34, 2, 0, CURRENT_TIMESTAMP),
(55, 34, 2, 0, CURRENT_TIMESTAMP),
-- Minicurso 35
(56, 35, 2, 1, CURRENT_TIMESTAMP),
(57, 35, 2, 0, CURRENT_TIMESTAMP),
(58, 35, 2, 0, CURRENT_TIMESTAMP),
(59, 35, 2, 0, CURRENT_TIMESTAMP),
(60, 35, 2, 0, CURRENT_TIMESTAMP),
-- Minicurso 36
(61, 36, 2, 1, CURRENT_TIMESTAMP),
(62, 36, 2, 0, CURRENT_TIMESTAMP),
(63, 36, 2, 0, CURRENT_TIMESTAMP),
(64, 36, 2, 0, CURRENT_TIMESTAMP),
(65, 36, 2, 0, CURRENT_TIMESTAMP),
-- Minicurso 37
(66, 37, 2, 1, CURRENT_TIMESTAMP),
(67, 37, 2, 0, CURRENT_TIMESTAMP),
(68, 37, 2, 0, CURRENT_TIMESTAMP),
(69, 37, 2, 0, CURRENT_TIMESTAMP),
(70, 37, 2, 0, CURRENT_TIMESTAMP),
-- Minicurso 38
(71, 38, 2, 1, CURRENT_TIMESTAMP),
(72, 38, 2, 0, CURRENT_TIMESTAMP),
(73, 38, 2, 0, CURRENT_TIMESTAMP),
(74, 38, 2, 0, CURRENT_TIMESTAMP),
(75, 38, 2, 0, CURRENT_TIMESTAMP),
-- Minicurso 39
(76, 39, 2, 1, CURRENT_TIMESTAMP),
(77, 39, 2, 0, CURRENT_TIMESTAMP),
(78, 39, 2, 0, CURRENT_TIMESTAMP),
(79, 39, 2, 0, CURRENT_TIMESTAMP),
(80, 39, 2, 0, CURRENT_TIMESTAMP),
-- Minicurso 40
(81, 40, 2, 1, CURRENT_TIMESTAMP),
(82, 40, 2, 0, CURRENT_TIMESTAMP),
(83, 40, 2, 0, CURRENT_TIMESTAMP),
(84, 40, 2, 0, CURRENT_TIMESTAMP),
(85, 40, 2, 0, CURRENT_TIMESTAMP),
-- Minicurso 41
(86, 41, 2, 1, CURRENT_TIMESTAMP),
(87, 41, 2, 0, CURRENT_TIMESTAMP),
(88, 41, 2, 0, CURRENT_TIMESTAMP),
(89, 41, 2, 0, CURRENT_TIMESTAMP),
(90, 41, 2, 0, CURRENT_TIMESTAMP),
-- Minicurso 42
(91, 42, 2, 1, CURRENT_TIMESTAMP),
(92, 42, 2, 0, CURRENT_TIMESTAMP),
(93, 42, 2, 0, CURRENT_TIMESTAMP),
(94, 42, 2, 0, CURRENT_TIMESTAMP),
(95, 42, 2, 0, CURRENT_TIMESTAMP),
-- Minicurso 43
(96, 43, 2, 1, CURRENT_TIMESTAMP),
(97, 43, 2, 0, CURRENT_TIMESTAMP),
(98, 43, 2, 0, CURRENT_TIMESTAMP),
(99, 43, 2, 0, CURRENT_TIMESTAMP),
(100, 43, 2, 0, CURRENT_TIMESTAMP),
-- Minicurso 44
(1, 44, 2, 1, CURRENT_TIMESTAMP),
(2, 44, 2, 0, CURRENT_TIMESTAMP),
(3, 44, 2, 0, CURRENT_TIMESTAMP),
(4, 44, 2, 0, CURRENT_TIMESTAMP),
(5, 44, 2, 0, CURRENT_TIMESTAMP),
-- Minicurso 45
(6, 45, 2, 1, CURRENT_TIMESTAMP),
(7, 45, 2, 0, CURRENT_TIMESTAMP),
(8, 45, 2, 0, CURRENT_TIMESTAMP),
(9, 45, 2, 0, CURRENT_TIMESTAMP),
(10, 45, 2, 0, CURRENT_TIMESTAMP),
-- Minicurso 46
(11, 46, 2, 1, CURRENT_TIMESTAMP),
(12, 46, 2, 0, CURRENT_TIMESTAMP),
(13, 46, 2, 0, CURRENT_TIMESTAMP),
(14, 46, 2, 0, CURRENT_TIMESTAMP),
(15, 46, 2, 0, CURRENT_TIMESTAMP),
-- Minicurso 47
(16, 47, 2, 1, CURRENT_TIMESTAMP),
(17, 47, 2, 0, CURRENT_TIMESTAMP),
(18, 47, 2, 0, CURRENT_TIMESTAMP),
(19, 47, 2, 0, CURRENT_TIMESTAMP),
(20, 47, 2, 0, CURRENT_TIMESTAMP),
-- Minicurso 48
(21, 48, 2, 1, CURRENT_TIMESTAMP),
(22, 48, 2, 0, CURRENT_TIMESTAMP),
(23, 48, 2, 0, CURRENT_TIMESTAMP),
(24, 48, 2, 0, CURRENT_TIMESTAMP),
(25, 48, 2, 0, CURRENT_TIMESTAMP),
-- Minicurso 49
(26, 49, 2, 1, CURRENT_TIMESTAMP),
(27, 49, 2, 0, CURRENT_TIMESTAMP),
(28, 49, 2, 0, CURRENT_TIMESTAMP),
(29, 49, 2, 0, CURRENT_TIMESTAMP),
(30, 49, 2, 0, CURRENT_TIMESTAMP),
-- Minicurso 50
(31, 50, 2, 1, CURRENT_TIMESTAMP),
(32, 50, 2, 0, CURRENT_TIMESTAMP),
(33, 50, 2, 0, CURRENT_TIMESTAMP),
(34, 50, 2, 0, CURRENT_TIMESTAMP),
(35, 50, 2, 0, CURRENT_TIMESTAMP),
-- Minicurso 51
(36, 51, 2, 1, CURRENT_TIMESTAMP),
(37, 51, 2, 0, CURRENT_TIMESTAMP),
(38, 51, 2, 0, CURRENT_TIMESTAMP),
(39, 51, 2, 0, CURRENT_TIMESTAMP),
(40, 51, 2, 0, CURRENT_TIMESTAMP),
-- Minicurso 52
(41, 52, 2, 1, CURRENT_TIMESTAMP),
(42, 52, 2, 0, CURRENT_TIMESTAMP),
(43, 52, 2, 0, CURRENT_TIMESTAMP),
(44, 52, 2, 0, CURRENT_TIMESTAMP),
(45, 52, 2, 0, CURRENT_TIMESTAMP),
-- Minicurso 53
(46, 53, 2, 1, CURRENT_TIMESTAMP),
(47, 53, 2, 0, CURRENT_TIMESTAMP),
(48, 53, 2, 0, CURRENT_TIMESTAMP),
(49, 53, 2, 0, CURRENT_TIMESTAMP),
(50, 53, 2, 0, CURRENT_TIMESTAMP),
-- Minicurso 54
(51, 54, 2, 1, CURRENT_TIMESTAMP),
(52, 54, 2, 0, CURRENT_TIMESTAMP),
(53, 54, 2, 0, CURRENT_TIMESTAMP),
(54, 54, 2, 0, CURRENT_TIMESTAMP);

-- Pessoas no Simpósio (50 pessoas com funções variadas)
INSERT INTO PESSOA_SIMPOSIO (ID_PESSOA, ID_SIMPOSIO, FUNCAO) VALUES
(1, 1, 'Coordenador Geral'),
(2, 1, 'Coordenador Científico'),
(3, 1, 'Coordenador de Logística'),
(4, 1, 'Coordenador Financeiro'),
(5, 1, 'Coordenador de Comunicação'),
(6, 1, 'Assistente de Organização'),
(7, 1, 'Assistente de Credenciamento'),
(8, 1, 'Responsável Técnico'),
(9, 1, 'Supervisor de Infraestrutura'),
(10, 1, 'Gerente de Patrocínios'),
(11, 1, 'Palestrante'),
(12, 1, 'Palestrante'),
(13, 1, 'Palestrante'),
(14, 1, 'Palestrante'),
(15, 1, 'Palestrante'),
(16, 1, 'Moderador'),
(17, 1, 'Moderador'),
(18, 1, 'Moderador'),
(19, 1, 'Moderador'),
(20, 1, 'Moderador'),
(21, 1, 'Apoio Técnico'),
(22, 1, 'Apoio Técnico'),
(23, 1, 'Apoio Técnico'),
(24, 1, 'Apoio Técnico'),
(25, 1, 'Apoio Técnico'),
(26, 2, 'Recepcionista'),
(27, 2, 'Recepcionista'),
(28, 2, 'Recepcionista'),
(29, 2, 'Recepcionista'),
(30, 2, 'Recepcionista'),
(31, 2, 'Segurança'),
(32, 2, 'Segurança'),
(33, 2, 'Segurança'),
(34, 2, 'Segurança'),
(35, 2, 'Segurança'),
(36, 2, 'Fotógrafo'),
(37, 2, 'Filmagem'),
(38, 2, 'Designer'),
(39, 2, 'Social Media'),
(40, 2, 'Redator'),
(41, 2, 'Tradutor'),
(42, 2, 'Intérprete'),
(43, 2, 'Consultor'),
(44, 2, 'Consultor'),
(45, 2, 'Consultor'),
(46, 2, 'Voluntário'),
(47, 2, 'Voluntário'),
(48, 2, 'Voluntário'),
(49, 2, 'Voluntário'),
(50, 2, 'Voluntário');

-- Pessoas nas Comissões Científicas (150 relações - ~5 pessoas por comissão)
INSERT INTO PESSOA_COMISSAO_CIENTIFICA (ID_PESSOA, ID_COMISSAO) VALUES
-- Comissão 1
(1, 1), (2, 1), (3, 1), (4, 1), (5, 1),
-- Comissão 2
(6, 2), (7, 2), (8, 2), (9, 2), (10, 2),
-- Comissão 3
(11, 3), (12, 3), (13, 3), (14, 3), (15, 3),
-- Comissão 4
(16, 4), (17, 4), (18, 4), (19, 4), (20, 4),
-- Comissão 5
(21, 5), (22, 5), (23, 5), (24, 5), (25, 5),
-- Comissão 6
(26, 6), (27, 6), (28, 6), (29, 6), (30, 6),
-- Comissão 7
(31, 7), (32, 7), (33, 7), (34, 7), (35, 7),
-- Comissão 8
(36, 8), (37, 8), (38, 8), (39, 8), (40, 8),
-- Comissão 9
(41, 9), (42, 9), (43, 9), (44, 9), (45, 9),
-- Comissão 10
(46, 10), (47, 10), (48, 10), (49, 10), (50, 10),
-- Comissão 11
(51, 11), (52, 11), (53, 11), (54, 11), (55, 11),
-- Comissão 12
(56, 12), (57, 12), (58, 12), (59, 12), (60, 12),
-- Comissão 13
(61, 13), (62, 13), (63, 13), (64, 13), (65, 13),
-- Comissão 14
(66, 14), (67, 14), (68, 14), (69, 14), (70, 14),
-- Comissão 15
(71, 15), (72, 15), (73, 15), (74, 15), (75, 15),
-- Comissão 16
(76, 16), (77, 16), (78, 16), (79, 16), (80, 16),
-- Comissão 17
(81, 17), (82, 17), (83, 17), (84, 17), (85, 17),
-- Comissão 18
(86, 18), (87, 18), (88, 18), (89, 18), (90, 18),
-- Comissão 19
(91, 19), (92, 19), (93, 19), (94, 19), (95, 19),
-- Comissão 20
(96, 20), (97, 20), (98, 20), (99, 20), (100, 20),
-- Comissão 21
(1, 21), (2, 21), (3, 21), (4, 21), (5, 21),
-- Comissão 22
(6, 22), (7, 22), (8, 22), (9, 22), (10, 22),
-- Comissão 23
(11, 23), (12, 23), (13, 23), (14, 23), (15, 23),
-- Comissão 24
(16, 24), (17, 24), (18, 24), (19, 24), (20, 24),
-- Comissão 25
(21, 25), (22, 25), (23, 25), (24, 25), (25, 25),
-- Comissão 26
(26, 26), (27, 26), (28, 26), (29, 26), (30, 26),
-- Comissão 27
(31, 27), (32, 27), (33, 27), (34, 27), (35, 27);
