USE `VIAGEM_AEREA`;

SET FOREIGN_KEY_CHECKS = 0;
TRUNCATE TABLE `RESERVA`;
TRUNCATE TABLE `TRAJETO`;
TRUNCATE TABLE `VOO`;
TRUNCATE TABLE `POLTRONA`;
TRUNCATE TABLE `AERONAVE`;
TRUNCATE TABLE `AEROPORTO`;
TRUNCATE TABLE `CLIENTE`;
SET FOREIGN_KEY_CHECKS = 1;


INSERT INTO `CLIENTE` (NOME, CPF, TELEFONE, CLIENTE_ESPECIAL) VALUES
('João Silva', '11122233344', '5511987654321', 'N'),
('Maria Oliveira', '22233344455', '5521998765432', 'S'),
('Carlos Pereira', '33344455566', '5531976543210', 'N'),
('Ana Costa', '44455566677', '5541965432109', 'N'),
('Pedro Souza', '55566677788', '5581954321098', 'S'),
('Mariana Ferreira', '66677788899', '5511912345678', 'N'),
('Fernando Santos', '77788899900', '5519923456789', 'S'),
('Patrícia Lima', '88899900011', '5547934567890', 'N'),
('Rafael Gomes', '99900011122', '5561945678901', 'N'),
('Juliana Alves', '00011122233', '5571956789012', 'S'),
('Lucas Rocha', '11133355577', '5585967890123', 'N'),
('Beatriz Costa', '22244466688', '5592978901234', 'N'),
('Guilherme Melo', '33355577799', '5598989012345', 'S'),
('Isabela Fernandes', '44466688800', '5527990123456', 'N'),
('Daniel Martins', '55577799911', '5551910234567', 'N'),
('Camila Ribeiro', '66688800022', '5562921345678', 'S'),
('Eduardo Barreto', '77799911133', '5567932456789', 'N'),
('Sofia Carvalho', '88800022244', '5591943567890', 'N'),
('Gustavo Morais', '99911133355', '5511954678901', 'S'),
('Lívia Dias', '00022244466', '5511965789012', 'N'),
('Thiago Xavier', '12312312312', '5511976890123', 'N'),
('Viviane Correia', '32132132132', '5521987901234', 'S'),
('Rodrigo Nogueira', '45645645645', '5531998012345', 'N'),
('Gabriela Pires', '65465465465', '5541909123456', 'N'),
('Felipe Dantas', '78978978978', '5581910234567', 'S');

INSERT INTO `AEROPORTO` (NOME, RUA, BAIRRO, CIDADE, UF, PAIS, CEP) VALUES
('Aeroporto Internacional de Guarulhos', 'Rodovia Hélio Smidt', 'Jardim Monte Alegre', 'Guarulhos', 'SP', 'BRA', '07190100'),
('Aeroporto Internacional Tom Jobim', 'Av. Vinte de Janeiro', 'Ilha do Governador', 'Rio de Janeiro', 'RJ', 'BRA', '21941900'),
('Aeroporto Internacional de Lisboa', 'Alameda das Comunidades Portuguesas', 'Olivais', 'Lisboa', 'LX', 'PRT', '1700111'),
('Aeroporto Internacional de Miami', '2100 NW 42nd Ave', 'Miami-Dade County', 'Miami', 'FL', 'USA', '33126140'),
('Aeroporto Internacional de São Francisco', 'San Francisco International Airport', 'San Mateo County', 'San Francisco', 'CA', 'USA', '94128080'),
('Aeroporto de Congonhas', 'Av. Washington Luís', 'Vila Congonhas', 'São Paulo', 'SP', 'BRA', '04626900'),
('Aeroporto Internacional de Brasília', 'Lago Sul', 'Brasília', 'Brasília', 'DF', 'BRA', '71608900'),
('Aeroporto Internacional de Santiago', 'Costanera Norte', 'Pudahuel', 'Santiago', 'RM', 'CHL', '9020000'),
('Aeroporto Internacional de Ezeiza', 'Autopista Tte. Gral. Riccheri', 'Ezeiza', 'Buenos Aires', 'BA', 'ARG', 'B1802EZE'),
('Aeroporto Internacional de Paris-Charles de Gaulle', 'Roissy-en-France', 'Île-de-France', 'Paris', 'IF', 'FRA', '95700'),
('Aeroporto Internacional de Dubai', 'Al Garhoud', 'Dubai', 'Dubai', 'DB', 'ARE', '000000'),
('Aeroporto Internacional de Madrid-Barajas', 'Avenida de la Hispanidad', 'Barajas', 'Madrid', 'MD', 'ESP', '28042'),
('Aeroporto Internacional de Toronto Pearson', '6301 Silver Dart Dr', 'Mississauga', 'Toronto', 'ON', 'CAN', 'L5P 1B2'),
('Aeroporto Internacional de Londres Heathrow', 'Nelson Rd', 'Longford', 'London', 'LD', 'GBR', 'TW6 2GW'),
('Aeroporto Internacional de Frankfurt', 'Terminalring', 'Frankfurt', 'Frankfurt am Main', 'HE', 'DEU', '60547');

INSERT INTO `AERONAVE` (MODELO, NUM_POLTRONAS) VALUES
('Boeing 737-800', 180),
('Airbus A320', 150),
('Embraer E195', 120),
('Boeing 787-9 Dreamliner', 290);


DELIMITER //
CREATE PROCEDURE InsertPoltronas(IN aeronaveId INT, IN numPoltronas INT)
BEGIN
    DECLARE i INT DEFAULT 1;
    DECLARE row_char CHAR(1);
    DECLARE seat_num INT;
    WHILE i <= numPoltronas DO
        SET row_char = CHAR(ASCII('A') + FLOOR((i - 1) / 6));
        SET seat_num = ((i - 1) MOD 6) + 1;
        INSERT INTO `POLTRONA` (ID_AERONAVE, LOCALIZACAO) VALUES (aeronaveId, CONCAT(row_char, seat_num));
        SET i = i + 1;
    END WHILE;
END //
DELIMITER ;

CALL InsertPoltronas(1, 180);
CALL InsertPoltronas(2, 150);
CALL InsertPoltronas(3, 120);
CALL InsertPoltronas(4, 290);

DROP PROCEDURE InsertPoltronas;


INSERT INTO VOO (ID_AEROPORTO_ORIGEM, ID_AEROPORTO_DESTINO, HORARIO_PREVISTO_SAIDA, HORARIO_SAIDA, HORARIO_PREVISTO_CHEGADA, HORARIO_CHEGADA) VALUES
(1, 2, '2025-07-20 10:00:00', '2025-07-20 10:05:00', '2025-07-20 11:00:00', '2025-07-20 11:02:00'), 
(2, 1, '2025-07-20 15:00:00', '2025-07-20 15:00:00', '2025-07-20 16:00:00', '2025-07-20 15:58:00'), 
(1, 3, '2025-07-21 08:00:00', '2025-07-21 08:10:00', '2025-07-21 17:00:00', '2025-07-21 17:15:00'), 
(3, 1, '2025-07-22 09:00:00', '2025-07-22 09:05:00', '2025-07-22 18:00:00', '2025-07-22 18:00:00'),
(4, 5, '2025-07-23 11:00:00', '2025-07-23 11:00:00', '2025-07-23 14:00:00', '2025-07-23 13:55:00'),
(6, 1, '2025-07-20 12:00:00', '2025-07-20 12:00:00', '2025-07-20 12:45:00', '2025-07-20 12:40:00'),
(1, 7, '2025-07-25 07:00:00', '2025-07-25 07:02:00', '2025-07-25 09:00:00', '2025-07-25 09:05:00'),
(7, 1, '2025-07-25 10:00:00', '2025-07-25 10:00:00', '2025-07-25 12:00:00', '2025-07-25 11:58:00'),
(1, 8, '2025-07-26 13:00:00', '2025-07-26 13:10:00', '2025-07-26 18:00:00', '2025-07-26 18:05:00'),
(8, 1, '2025-07-27 09:00:00', '2025-07-27 09:05:00', '2025-07-27 14:00:00', '2025-07-27 14:00:00'),
(2, 9, '2025-07-28 16:00:00', '2025-07-28 16:00:00', '2025-07-28 19:00:00', '2025-07-28 18:55:00'),
(9, 2, '2025-07-29 08:00:00', '2025-07-29 08:00:00', '2025-07-29 11:00:00', '2025-07-29 10:58:00'),
(1, 10, '2025-08-01 22:00:00', '2025-08-01 22:15:00', '2025-08-02 12:00:00', '2025-08-02 12:30:00'),
(10, 1, '2025-08-03 14:00:00', '2025-08-03 14:05:00', '2025-08-04 04:00:00', '2025-08-04 04:00:00'),
(2, 11, '2025-08-05 20:00:00', '2025-08-05 20:10:00', '2025-08-06 17:00:00', '2025-08-06 17:20:00'),
(11, 2, '2025-08-07 10:00:00', '2025-08-07 10:00:00', '2025-08-08 07:00:00', '2025-08-08 06:55:00'),
(3, 12, '2025-08-09 07:00:00', '2025-08-09 07:05:00', '2025-08-09 09:00:00', '2025-08-09 09:00:00'),
(12, 3, '2025-08-09 10:00:00', '2025-08-09 10:00:00', '2025-08-09 12:00:00', '2025-08-09 11:58:00'),
(4, 13, '2025-08-10 14:00:00', '2025-08-10 14:00:00', '2025-08-10 19:00:00', '2025-08-10 18:50:00'),
(13, 4, '2025-08-11 08:00:00', '2025-08-11 08:05:00', '2025-08-11 13:00:00', '2025-08-11 13:00:00'),
(5, 14, '2025-08-12 18:00:00', '2025-08-12 18:20:00', '2025-08-13 11:00:00', '2025-08-13 11:30:00'),
(14, 5, '2025-08-14 09:00:00', '2025-08-14 09:00:00', '2025-08-14 22:00:00', '2025-08-14 21:55:00'),
(1, 15, '2025-08-15 06:00:00', '2025-08-15 06:05:00', '2025-08-15 15:00:00', '2025-08-15 15:10:00'),
(15, 1, '2025-08-16 11:00:00', '2025-08-16 11:00:00', '2025-08-17 00:00:00', '2025-08-16 23:58:00'), 
(1, 2, '2025-08-20 10:00:00', '2025-08-20 10:05:00', '2025-08-20 11:00:00', '2025-08-20 11:02:00'),
(2, 1, '2025-08-20 15:00:00', '2025-08-20 15:00:00', '2025-08-20 16:00:00', '2025-08-20 15:58:00'),
(1, 7, '2025-08-21 07:00:00', '2025-08-21 07:02:00', '2025-08-21 09:00:00', '2025-08-21 09:05:00'),
(7, 1, '2025-08-21 10:00:00', '2025-08-21 10:00:00', '2025-08-21 12:00:00', '2025-08-21 11:58:00'),
(2, 6, '2025-08-22 09:00:00', '2025-08-22 09:05:00', '2025-08-22 10:00:00', '2025-08-22 10:00:00'),
(6, 2, '2025-08-22 11:00:00', '2025-08-22 11:00:00', '2025-08-22 12:00:00', '2025-08-22 11:55:00'),
(3, 10, '2025-08-23 08:00:00', '2025-08-23 08:10:00', '2025-08-23 11:00:00', '2025-08-23 11:15:00'),
(10, 3, '2025-08-24 14:00:00', '2025-08-24 14:05:00', '2025-08-24 17:00:00', '2025-08-24 17:00:00'),
(4, 11, '2025-08-25 10:00:00', '2025-08-25 10:00:00', '2025-08-25 18:00:00', '2025-08-25 17:55:00'),
(11, 4, '2025-08-26 01:00:00', '2025-08-26 01:00:00', '2025-08-26 09:00:00', '2025-08-26 08:58:00'),
(5, 12, '2025-08-27 12:00:00', '2025-08-27 12:10:00', '2025-08-27 15:00:00', '2025-08-27 15:20:00'),
(12, 5, '2025-08-28 07:00:00', '2025-08-28 07:05:00', '2025-08-28 10:00:00', '2025-08-28 10:00:00'),
(7, 8, '2025-08-29 11:00:00', '2025-08-29 11:00:00', '2025-08-29 14:00:00', '2025-08-29 13:55:00'),
(8, 7, '2025-08-29 15:00:00', '2025-08-29 15:00:00', '2025-08-29 18:00:00', '2025-08-29 17:58:00'),
(9, 10, '2025-08-30 06:00:00', '2025-08-30 06:05:00', '2025-08-30 15:00:00', '2025-08-30 15:10:00'),
(10, 9, '2025-08-31 09:00:00', '2025-08-31 09:00:00', '2025-08-31 18:00:00', '2025-08-31 17:55:00'),
(1, 4, '2025-09-01 08:00:00', '2025-09-01 08:00:00', '2025-09-01 16:00:00', '2025-09-01 15:58:00'),
(4, 1, '2025-09-02 10:00:00', '2025-09-02 10:05:00', '2025-09-02 18:00:00', '2025-09-02 18:00:00'),
(2, 5, '2025-09-03 14:00:00', '2025-09-03 14:10:00', '2025-09-03 21:00:00', '2025-09-03 21:15:00'),
(5, 2, '2025-09-04 09:00:00', '2025-09-04 09:00:00', '2025-09-04 16:00:00', '2025-09-04 15:55:00'),
(3, 13, '2025-09-05 11:00:00', '2025-09-05 11:00:00', '2025-09-05 20:00:00', '2025-09-05 19:50:00'),
(13, 3, '2025-09-06 07:00:00', '2025-09-06 07:05:00', '2025-09-06 16:00:00', '2025-09-06 16:00:00'),
(6, 14, '2025-09-07 13:00:00', '2025-09-07 13:00:00', '2025-09-07 23:00:00', '2025-09-07 22:58:00'),
(14, 6, '2025-09-08 08:00:00', '2025-09-08 08:00:00', '2025-09-08 18:00:00', '2025-09-08 17:55:00'),
(7, 15, '2025-09-09 09:00:00', '2025-09-09 09:10:00', '2025-09-09 17:00:00', '2025-09-09 17:20:00'),
(15, 7, '2025-09-10 10:00:00', '2025-09-10 10:00:00', '2025-09-10 18:00:00', '2025-09-10 17:58:00'),
(8, 9, '2025-09-11 16:00:00', '2025-09-11 16:00:00', '2025-09-11 19:00:00', '2025-09-11 18:55:00'),
(9, 8, '2025-09-12 08:00:00', '2025-09-12 08:00:00', '2025-09-12 11:00:00', '2025-09-12 10:58:00'),
(1, 13, '2025-09-13 18:00:00', '2025-09-13 18:15:00', '2025-09-14 02:00:00', '2025-09-14 02:30:00'),
(13, 1, '2025-09-14 08:00:00', '2025-09-14 08:05:00', '2025-09-14 16:00:00', '2025-09-14 16:00:00'),
(2, 14, '2025-09-15 20:00:00', '2025-09-15 20:10:00', '2025-09-16 10:00:00', '2025-09-16 10:20:00'),
(14, 2, '2025-09-17 07:00:00', '2025-09-17 07:00:00', '2025-09-17 21:00:00', '2025-09-17 20:55:00'),
(3, 15, '2025-09-18 09:00:00', '2025-09-18 09:05:00', '2025-09-18 17:00:00', '2025-09-18 17:10:00'),
(15, 3, '2025-09-19 11:00:00', '2025-09-19 11:00:00', '2025-09-20 00:00:00', '2025-09-19 23:58:00'),
(4, 1, '2025-09-20 10:00:00', '2025-09-20 10:05:00', '2025-09-20 18:00:00', '2025-09-20 18:02:00'),
(1, 4, '2025-09-21 12:00:00', '2025-09-21 12:00:00', '2025-09-21 20:00:00', '2025-09-21 19:58:00'),
(5, 6, '2025-09-22 07:00:00', '2025-09-22 07:02:00', '2025-09-22 10:00:00', '2025-09-22 10:05:00'),
(6, 5, '2025-09-22 11:00:00', '2025-09-22 11:00:00', '2025-09-22 14:00:00', '2025-09-22 13:58:00'),
(1, 2, '2025-09-23 10:00:00', '2025-09-23 10:05:00', '2025-09-23 11:00:00', '2025-09-23 11:02:00'),
(2, 1, '2025-09-23 15:00:00', '2025-09-23 15:00:00', '2025-09-23 16:00:00', '2025-09-23 15:58:00'),
(1, 7, '2025-09-24 07:00:00', '2025-09-24 07:02:00', '2025-09-24 09:00:00', '2025-09-24 09:05:00'),
(7, 1, '2025-09-24 10:00:00', '2025-09-24 10:00:00', '2025-09-24 12:00:00', '2025-09-24 11:58:00'),
(1, 8, '2025-09-25 13:00:00', '2025-09-25 13:10:00', '2025-09-25 18:00:00', '2025-09-25 18:05:00'),
(8, 1, '2025-09-26 09:00:00', '2025-09-26 09:05:00', '2025-09-26 14:00:00', '2025-09-26 14:00:00'),
(2, 9, '2025-09-27 16:00:00', '2025-09-27 16:00:00', '2025-09-27 19:00:00', '2025-09-27 18:55:00'),
(9, 2, '2025-09-28 08:00:00', '2025-09-28 08:00:00', '2025-09-28 11:00:00', '2025-09-28 10:58:00'),
(1, 10, '2025-09-29 22:00:00', '2025-09-29 22:15:00', '2025-09-30 12:00:00', '2025-09-30 12:30:00'),
(10, 1, '2025-09-30 14:00:00', '2025-09-30 14:05:00', '2025-10-01 04:00:00', '2025-10-01 04:00:00'),
(2, 11, '2025-10-01 20:00:00', '2025-10-01 20:10:00', '2025-10-02 17:00:00', '2025-10-02 17:20:00'),
(11, 2, '2025-10-03 10:00:00', '2025-10-03 10:00:00', '2025-10-04 07:00:00', '2025-10-04 06:55:00'),
(3, 12, '2025-10-05 07:00:00', '2025-10-05 07:05:00', '2025-10-05 09:00:00', '2025-10-05 09:00:00'),
(12, 3, '2025-10-05 10:00:00', '2025-10-05 10:00:00', '2025-10-05 12:00:00', '2025-10-05 11:58:00'),
(4, 13, '2025-10-06 14:00:00', '2025-10-06 14:00:00', '2025-10-06 19:00:00', '2025-10-06 18:50:00'),
(13, 4, '2025-10-07 08:00:00', '2025-10-07 08:05:00', '2025-10-07 13:00:00', '2025-10-07 13:00:00'),
(5, 14, '2025-10-08 18:00:00', '2025-10-08 18:20:00', '2025-10-09 11:00:00', '2025-10-09 11:30:00'),
(14, 5, '2025-10-10 09:00:00', '2025-10-10 09:00:00', '2025-10-10 22:00:00', '2025-10-10 21:55:00'),
(1, 15, '2025-10-11 06:00:00', '2025-10-11 06:05:00', '2025-10-11 15:00:00', '2025-10-11 15:10:00'),
(15, 1, '2025-10-12 11:00:00', '2025-10-12 11:00:00', '2025-10-13 00:00:00', '2025-10-12 23:58:00');


INSERT INTO `RESERVA` (ID_CLIENTE, ID_POLTRONA, ID_VOO) VALUES
(1, 1, 1),
(2, 181, 2),
(3, 331, 3),
(1, 182, 2),
(4, 571, 5),
(5, 2, 1),
(6, 183, 2),
(7, 332, 3),
(8, 572, 5),
(9, 3, 7),
(10, 184, 8),
(11, 333, 9),
(12, 573, 10),
(13, 4, 11),
(14, 185, 12),
(15, 334, 13),
(16, 574, 14),
(17, 5, 15),
(18, 186, 16),
(19, 335, 17),
(20, 575, 18),
(21, 6, 19),
(22, 187, 20),
(23, 336, 21),
(24, 576, 22),
(25, 7, 23),
(1, 188, 24),
(2, 337, 25),
(3, 577, 26),
(4, 8, 27),
(5, 189, 28),
(6, 338, 29),
(7, 578, 30),
(8, 9, 31),
(9, 190, 32),
(10, 339, 33),
(11, 579, 34),
(12, 10, 35),
(13, 191, 36),
(14, 340, 37),
(15, 580, 38),
(16, 11, 39),
(17, 192, 40),
(18, 341, 41),
(19, 581, 42),
(20, 12, 43),
(21, 193, 44),
(22, 342, 45),
(23, 582, 46),
(24, 13, 47),
(25, 194, 48),
(1, 343, 49),
(2, 583, 50),
(3, 14, 51),
(4, 195, 52),
(5, 344, 53),
(6, 584, 54),
(7, 15, 55),
(8, 196, 56),
(9, 345, 57),
(10, 585, 58),
(11, 16, 59),
(12, 197, 60),
(13, 346, 61),
(14, 586, 62),
(15, 17, 63),
(16, 198, 64),
(17, 347, 65),
(18, 587, 66),
(19, 18, 67),
(20, 199, 68),
(21, 348, 69),
(22, 588, 70),
(23, 19, 71),
(24, 200, 72),
(25, 349, 73),
(1, 589, 74),
(2, 20, 75),
(3, 201, 76),
(4, 350, 77),
(5, 590, 78),
(6, 21, 79),
(7, 202, 80),
(8, 351, 81),
(9, 591, 82),
(10, 22, 1),
(11, 203, 2),
(12, 352, 3),
(13, 592, 5),
(14, 23, 7),
(15, 204, 8),
(16, 353, 9),
(17, 593, 10),
(18, 24, 11),
(19, 205, 12),
(20, 354, 13),
(21, 594, 14),
(22, 25, 15),
(23, 206, 16),
(24, 355, 17),
(25, 595, 18);

INSERT INTO `TRAJETO` (ID_VOO, ID_AERONAVE, HORARIO_SAIDA, HORARIO_CHEGADA, ID_AEROPORTO_ORIGEM, ID_AEROPORTO_DESTINO) VALUES
(1, 1, '2025-07-20 10:05:00', '2025-07-20 11:02:00', 1, 2),
(2, 2, '2025-07-20 15:00:00', '2025-07-20 15:58:00', 2, 1),
(3, 3, '2025-07-21 08:10:00', '2025-07-21 17:15:00', 1, 3),
(4, 3, '2025-07-22 09:05:00', '2025-07-22 18:00:00', 3, 1),
(5, 4, '2025-07-23 11:00:00', '2025-07-23 13:55:00', 4, 5),
(6, 1, '2025-07-20 12:00:00', '2025-07-20 12:40:00', 6, 1),
(7, 1, '2025-07-25 07:02:00', '2025-07-25 09:05:00', 1, 7),
(8, 2, '2025-07-25 10:00:00', '2025-07-25 11:58:00', 7, 1),
(9, 3, '2025-07-26 13:10:00', '2025-07-26 18:05:00', 1, 8),
(10, 4, '2025-07-27 09:05:00', '2025-07-27 14:00:00', 8, 1),
(11, 1, '2025-07-28 16:00:00', '2025-07-28 18:55:00', 2, 9),
(12, 2, '2025-07-29 08:00:00', '2025-07-29 10:58:00', 9, 2),
(13, 3, '2025-08-01 22:15:00', '2025-08-02 12:30:00', 1, 10),
(14, 4, '2025-08-03 14:05:00', '2025-08-04 04:00:00', 10, 1),
(15, 1, '2025-08-05 20:10:00', '2025-08-06 17:20:00', 2, 11),
(16, 2, '2025-08-07 10:00:00', '2025-08-08 06:55:00', 11, 2),
(17, 3, '2025-08-09 07:05:00', '2025-08-09 09:00:00', 3, 12),
(18, 4, '2025-08-09 10:00:00', '2025-08-09 11:58:00', 12, 3),
(19, 1, '2025-08-10 14:00:00', '2025-08-10 18:50:00', 4, 13),
(20, 2, '2025-08-11 08:05:00', '2025-08-11 13:00:00', 13, 4),
(21, 3, '2025-08-12 18:20:00', '2025-08-13 11:30:00', 5, 14),
(22, 4, '2025-08-14 09:00:00', '2025-08-14 21:55:00', 14, 5),
(23, 1, '2025-08-15 06:05:00', '2025-08-15 15:10:00', 1, 15),
(24, 2, '2025-08-16 11:00:00', '2025-08-16 23:58:00', 15, 1),
(25, 3, '2025-08-20 10:05:00', '2025-08-20 11:02:00', 1, 2),
(26, 4, '2025-08-20 15:00:00', '2025-08-20 15:58:00', 2, 1),
(27, 1, '2025-08-21 07:02:00', '2025-08-21 09:05:00', 1, 7),
(28, 2, '2025-08-21 10:00:00', '2025-08-21 11:58:00', 7, 1),
(29, 3, '2025-08-22 09:05:00', '2025-08-22 10:00:00', 2, 6),
(30, 4, '2025-08-22 11:00:00', '2025-08-22 11:55:00', 6, 2),
(31, 1, '2025-08-23 08:10:00', '2025-08-23 11:15:00', 3, 10),
(32, 2, '2025-08-24 14:05:00', '2025-08-24 17:00:00', 10, 3),
(33, 3, '2025-08-25 10:00:00', '2025-08-25 17:55:00', 4, 11),
(34, 4, '2025-08-26 01:00:00', '2025-08-26 08:58:00', 11, 4),
(35, 1, '2025-08-27 12:10:00', '2025-08-27 15:20:00', 5, 12),
(36, 2, '2025-08-28 07:05:00', '2025-08-28 10:00:00', 12, 5),
(37, 3, '2025-08-29 11:00:00', '2025-08-29 13:55:00', 7, 8),
(38, 4, '2025-08-29 15:00:00', '2025-08-29 17:58:00', 8, 7),
(39, 1, '2025-08-30 06:05:00', '2025-08-30 15:10:00', 9, 10),
(40, 2, '2025-08-31 09:00:00', '2025-08-31 17:55:00', 10, 9),
(41, 3, '2025-09-01 08:00:00', '2025-09-01 15:58:00', 1, 4),
(42, 4, '2025-09-02 10:05:00', '2025-09-02 18:00:00', 4, 1),
(43, 1, '2025-09-03 14:10:00', '2025-09-03 21:15:00', 2, 5),
(44, 2, '2025-09-04 09:00:00', '2025-09-04 15:55:00', 5, 2),
(45, 3, '2025-09-05 11:00:00', '2025-09-05 19:50:00', 3, 13),
(46, 4, '2025-09-06 07:05:00', '2025-09-06 16:00:00', 13, 3),
(47, 1, '2025-09-07 13:00:00', '2025-09-07 22:58:00', 6, 14),
(48, 2, '2025-09-08 08:00:00', '2025-09-08 17:55:00', 14, 6),
(49, 3, '2025-09-09 09:10:00', '2025-09-09 17:20:00', 7, 15),
(50, 4, '2025-09-10 10:00:00', '2025-09-10 17:58:00', 15, 7),
(51, 1, '2025-09-11 16:00:00', '2025-09-11 18:55:00', 8, 9),
(52, 2, '2025-09-12 08:00:00', '2025-09-12 10:58:00', 9, 8),
(53, 3, '2025-09-13 18:15:00', '2025-09-14 02:30:00', 1, 13),
(54, 4, '2025-09-14 08:05:00', '2025-09-14 16:00:00', 13, 1),
(55, 1, '2025-09-15 20:10:00', '2025-09-16 10:20:00', 2, 14),
(56, 2, '2025-09-17 07:00:00', '2025-09-17 20:55:00', 14, 2),
(57, 3, '2025-09-18 09:05:00', '2025-09-18 17:10:00', 3, 15),
(58, 4, '2025-09-19 11:00:00', '2025-09-19 23:58:00', 15, 3),
(59, 1, '2025-09-20 10:05:00', '2025-09-20 18:02:00', 4, 1),
(60, 2, '2025-09-21 12:00:00', '2025-09-21 19:58:00', 1, 4),
(61, 3, '2025-09-22 07:02:00', '2025-09-22 10:05:00', 5, 6),
(62, 4, '2025-09-22 11:00:00', '2025-09-22 13:58:00', 6, 5),
(63, 1, '2025-09-23 10:05:00', '2025-09-23 11:02:00', 1, 2),
(64, 2, '2025-09-23 15:00:00', '2025-09-23 15:58:00', 2, 1),
(65, 3, '2025-09-24 07:02:00', '2025-09-24 09:05:00', 1, 7),
(66, 4, '2025-09-24 10:00:00', '2025-09-24 11:58:00', 7, 1),
(67, 1, '2025-09-25 13:10:00', '2025-09-25 18:05:00', 1, 8),
(68, 2, '2025-09-26 09:05:00', '2025-09-26 14:00:00', 8, 1),
(69, 3, '2025-09-27 16:00:00', '2025-09-27 18:55:00', 2, 9),
(70, 4, '2025-09-28 08:00:00', '2025-09-28 10:58:00', 9, 2),
(71, 1, '2025-09-29 22:15:00', '2025-09-30 12:30:00', 1, 10),
(72, 2, '2025-09-30 14:05:00', '2025-10-01 04:00:00', 10, 1),
(73, 3, '2025-10-01 20:10:00', '2025-10-02 17:20:00', 2, 11),
(74, 4, '2025-10-03 10:00:00', '2025-10-04 06:55:00', 11, 2),
(75, 1, '2025-10-05 07:05:00', '2025-10-05 09:00:00', 3, 12),
(76, 2, '2025-10-05 10:00:00', '2025-10-05 11:58:00', 12, 3),
(77, 3, '2025-10-06 14:00:00', '2025-10-06 18:50:00', 4, 13),
(78, 4, '2025-10-07 08:05:00', '2025-10-07 13:00:00', 13, 4),
(79, 1, '2025-10-08 18:20:00', '2025-10-09 11:30:00', 5, 14),
(80, 2, '2025-10-10 09:00:00', '2025-10-10 21:55:00', 14, 5),
(81, 3, '2025-10-11 06:05:00', '2025-10-11 15:10:00', 1, 15),
(82, 4, '2025-10-12 11:00:00', '2025-10-12 23:58:00', 15, 1);
